year,week,date,team,rank
2020,2020-W36,2020-09-06,Memphis,1
2020,2020-W36,2020-09-06,Ohio St,2
2020,2020-W36,2020-09-06,Clemson,3
2020,2020-W36,2020-09-06,LSU,4
2020,2020-W36,2020-09-06,Alabama,5
2020,2020-W36,2020-09-06,Texas,6
2020,2020-W36,2020-09-06,Georgia,8
2020,2020-W36,2020-09-06,Notre Dame,8
2020,2020-W36,2020-09-06,Florida,9
2020,2020-W36,2020-09-06,Iowa,12
2020,2020-W36,2020-09-06,Wisconsin,12
2020,2020-W36,2020-09-06,Oregon,12
2020,2020-W36,2020-09-06,Texas A&M,16
2020,2020-W36,2020-09-06,Penn St,16
2020,2020-W36,2020-09-06,North Carolina,16
2020,2020-W36,2020-09-06,Michigan,16
2020,2020-W36,2020-09-06,Virginia Tech,18
2020,2020-W36,2020-09-06,Kentucky,18
2020,2020-W36,2020-09-06,Oklahoma,19
2020,2020-W36,2020-09-06,Auburn,21
2020,2020-W36,2020-09-06,Oklahoma St,21
2020,2020-W36,2020-09-06,Indiana,24
2020,2020-W36,2020-09-06,USC,24
2020,2020-W36,2020-09-06,West Virginia,24
2020,2020-W36,2020-09-06,Tennessee,26
2020,2020-W36,2020-09-06,UCF,26
2020,2020-W36,2020-09-06,Minnesota,28
2020,2020-W36,2020-09-06,Washington,28
2020,2020-W36,2020-09-06,Cincinnati,30
2020,2020-W36,2020-09-06,Iowa St,30
2020,2020-W36,2020-09-06,Virginia,34
2020,2020-W36,2020-09-06,Louisville,34
2020,2020-W36,2020-09-06,California,34
2020,2020-W36,2020-09-06,Navy,34
2020,2020-W36,2020-09-06,Northwestern,37
2020,2020-W36,2020-09-06,Utah,37
2020,2020-W36,2020-09-06,Kansas St,37
2020,2020-W36,2020-09-06,Mississippi,42
2020,2020-W36,2020-09-06,Nebraska,42
2020,2020-W36,2020-09-06,Purdue,42
2020,2020-W36,2020-09-06,TCU,42
2020,2020-W36,2020-09-06,Texas Tech,42
2020,2020-W36,2020-09-06,Houston,45
2020,2020-W36,2020-09-06,Baylor,45
2020,2020-W36,2020-09-06,Appalachian St,45
2020,2020-W36,2020-09-06,Florida St,51
2020,2020-W36,2020-09-06,Oregon St,51
2020,2020-W36,2020-09-06,Buffalo,51
2020,2020-W36,2020-09-06,Boise St,51
2020,2020-W36,2020-09-06,Louisiana,51
2020,2020-W36,2020-09-06,Air Force,51
2020,2020-W36,2020-09-06,Army,52
2020,2020-W36,2020-09-06,South Carolina,56
2020,2020-W36,2020-09-06,Arizona St,56
2020,2020-W36,2020-09-06,Washington St,56
2020,2020-W36,2020-09-06,Ohio,56
2020,2020-W36,2020-09-06,Tulsa,57
2020,2020-W36,2020-09-06,SMU,58
2020,2020-W36,2020-09-06,Pittsburgh,65
2020,2020-W36,2020-09-06,"Miami, Fl",65
2020,2020-W36,2020-09-06,Boston College,65
2020,2020-W36,2020-09-06,Georgia Tech,65
2020,2020-W36,2020-09-06,Duke,65
2020,2020-W36,2020-09-06,Stanford,65
2020,2020-W36,2020-09-06,WKU,65
2020,2020-W36,2020-09-06,BYU,67
2020,2020-W36,2020-09-06,FAU,67
2020,2020-W36,2020-09-06,UAB,68
2020,2020-W36,2020-09-06,Mississippi St,72
2020,2020-W36,2020-09-06,Illinois,72
2020,2020-W36,2020-09-06,Colorado,72
2020,2020-W36,2020-09-06,Wyoming,72
2020,2020-W36,2020-09-06,Missouri,76
2020,2020-W36,2020-09-06,Tulane,76
2020,2020-W36,2020-09-06,UCLA,76
2020,2020-W36,2020-09-06,Colorado St,76
2020,2020-W36,2020-09-06,Syracuse,81
2020,2020-W36,2020-09-06,Temple,81
2020,2020-W36,2020-09-06,Arizona,81
2020,2020-W36,2020-09-06,Kent St,81
2020,2020-W36,2020-09-06,Georgia Southern,81
2020,2020-W36,2020-09-06,NC State,86
2020,2020-W36,2020-09-06,Wake Forest,86
2020,2020-W36,2020-09-06,Miami (OH),86
2020,2020-W36,2020-09-06,Louisiana Tech,86
2020,2020-W36,2020-09-06,San Diego St,86
2020,2020-W36,2020-09-06,Michigan St,88
2020,2020-W36,2020-09-06,Ball St,88
2020,2020-W36,2020-09-06,South Alabama,89
2020,2020-W36,2020-09-06,Maryland,92
2020,2020-W36,2020-09-06,Kansas,92
2020,2020-W36,2020-09-06,Nevada,92
2020,2020-W36,2020-09-06,Marshall,93
2020,2020-W36,2020-09-06,USF,99
2020,2020-W36,2020-09-06,Charlotte,99
2020,2020-W36,2020-09-06,Coastal Carolina,99
2020,2020-W36,2020-09-06,Troy,99
2020,2020-W36,2020-09-06,Fresno St,99
2020,2020-W36,2020-09-06,Hawaii,99
2020,2020-W36,2020-09-06,Rutgers,102
2020,2020-W36,2020-09-06,East Carolina,102
2020,2020-W36,2020-09-06,Rice,102
2020,2020-W36,2020-09-06,Northern Illinois,103
2020,2020-W36,2020-09-06,Liberty,109
2020,2020-W36,2020-09-06,Western Michigan,109
2020,2020-W36,2020-09-06,Central Michigan,109
2020,2020-W36,2020-09-06,San Jose St,109
2020,2020-W36,2020-09-06,ULM,109
2020,2020-W36,2020-09-06,Utah St,109
2020,2020-W36,2020-09-06,Arkansas,110
2020,2020-W36,2020-09-06,Toledo,113
2020,2020-W36,2020-09-06,Eastern Michigan,113
2020,2020-W36,2020-09-06,FIU,113
2020,2020-W36,2020-09-06,Georgia St,115
2020,2020-W36,2020-09-06,UNLV,115
2020,2020-W36,2020-09-06,Vanderbilt,116
2020,2020-W36,2020-09-06,UTSA,118
2020,2020-W36,2020-09-06,North Texas,118
2020,2020-W36,2020-09-06,New Mexico,120
2020,2020-W36,2020-09-06,UTEP,120
2020,2020-W36,2020-09-06,Bowling Green,121
2020,2020-W36,2020-09-06,Akron,122
2020,2020-W36,2020-09-06,Arkansas St,124
2020,2020-W36,2020-09-06,UMass,124
2020,2020-W36,2020-09-06,Middle Tenn,125
2020,2020-W36,2020-09-06,Texas St,126
2020,2020-W36,2020-09-06,Southern Miss,127
2020,2020-W37,2020-09-13,Notre Dame,1
2020,2020-W37,2020-09-13,Louisiana,2
2020,2020-W37,2020-09-13,Clemson,3
2020,2020-W37,2020-09-13,North Carolina,4
2020,2020-W37,2020-09-13,Louisville,5
2020,2020-W37,2020-09-13,BYU,6
2020,2020-W37,2020-09-13,Georgia Tech,7
2020,2020-W37,2020-09-13,Texas,8
2020,2020-W37,2020-09-13,Memphis,9
2020,2020-W37,2020-09-13,Ohio St,10
2020,2020-W37,2020-09-13,"Miami, Fl",11
2020,2020-W37,2020-09-13,LSU,12
2020,2020-W37,2020-09-13,Alabama,13
2020,2020-W37,2020-09-13,Georgia,14
2020,2020-W37,2020-09-13,Florida,15
2020,2020-W37,2020-09-13,Iowa,18
2020,2020-W37,2020-09-13,Wisconsin,18
2020,2020-W37,2020-09-13,Oregon,18
2020,2020-W37,2020-09-13,Appalachian St,19
2020,2020-W37,2020-09-13,Texas A&M,22
2020,2020-W37,2020-09-13,Penn St,22
2020,2020-W37,2020-09-13,Michigan,22
2020,2020-W37,2020-09-13,Virginia Tech,25
2020,2020-W37,2020-09-13,Kentucky,25
2020,2020-W37,2020-09-13,Oklahoma,25
2020,2020-W37,2020-09-13,Auburn,27
2020,2020-W37,2020-09-13,Oklahoma St,27
2020,2020-W37,2020-09-13,West Virginia,28
2020,2020-W37,2020-09-13,Indiana,30
2020,2020-W37,2020-09-13,USC,30
2020,2020-W37,2020-09-13,Tennessee,32
2020,2020-W37,2020-09-13,UCF,32
2020,2020-W37,2020-09-13,Minnesota,34
2020,2020-W37,2020-09-13,Washington,34
2020,2020-W37,2020-09-13,Cincinnati,35
2020,2020-W37,2020-09-13,Army,36
2020,2020-W37,2020-09-13,Virginia,39
2020,2020-W37,2020-09-13,California,39
2020,2020-W37,2020-09-13,Tulane,39
2020,2020-W37,2020-09-13,Northwestern,42
2020,2020-W37,2020-09-13,Utah,42
2020,2020-W37,2020-09-13,Arkansas St,42
2020,2020-W37,2020-09-13,Texas Tech,43
2020,2020-W37,2020-09-13,Mississippi,47
2020,2020-W37,2020-09-13,Nebraska,47
2020,2020-W37,2020-09-13,Purdue,47
2020,2020-W37,2020-09-13,TCU,47
2020,2020-W37,2020-09-13,Houston,49
2020,2020-W37,2020-09-13,Baylor,49
2020,2020-W37,2020-09-13,Oregon St,53
2020,2020-W37,2020-09-13,Buffalo,53
2020,2020-W37,2020-09-13,Boise St,53
2020,2020-W37,2020-09-13,Air Force,53
2020,2020-W37,2020-09-13,South Carolina,57
2020,2020-W37,2020-09-13,Arizona St,57
2020,2020-W37,2020-09-13,Washington St,57
2020,2020-W37,2020-09-13,Ohio,57
2020,2020-W37,2020-09-13,Tulsa,58
2020,2020-W37,2020-09-13,SMU,59
2020,2020-W37,2020-09-13,Coastal Carolina,60
2020,2020-W37,2020-09-13,Pittsburgh,61
2020,2020-W37,2020-09-13,Boston College,63
2020,2020-W37,2020-09-13,Stanford,63
2020,2020-W37,2020-09-13,FAU,64
2020,2020-W37,2020-09-13,Mississippi St,68
2020,2020-W37,2020-09-13,Illinois,68
2020,2020-W37,2020-09-13,Colorado,68
2020,2020-W37,2020-09-13,Wyoming,68
2020,2020-W37,2020-09-13,Duke,69
2020,2020-W37,2020-09-13,Missouri,72
2020,2020-W37,2020-09-13,UCLA,72
2020,2020-W37,2020-09-13,Colorado St,72
2020,2020-W37,2020-09-13,Georgia Southern,73
2020,2020-W37,2020-09-13,Temple,76
2020,2020-W37,2020-09-13,Arizona,76
2020,2020-W37,2020-09-13,Kent St,76
2020,2020-W37,2020-09-13,Iowa St,77
2020,2020-W37,2020-09-13,NC State,81
2020,2020-W37,2020-09-13,Miami (OH),81
2020,2020-W37,2020-09-13,Louisiana Tech,81
2020,2020-W37,2020-09-13,San Diego St,81
2020,2020-W37,2020-09-13,Michigan St,83
2020,2020-W37,2020-09-13,Ball St,83
2020,2020-W37,2020-09-13,Wake Forest,84
2020,2020-W37,2020-09-13,Maryland,86
2020,2020-W37,2020-09-13,Nevada,86
2020,2020-W37,2020-09-13,Syracuse,87
2020,2020-W37,2020-09-13,USF,89
2020,2020-W37,2020-09-13,Marshall,89
2020,2020-W37,2020-09-13,Troy,92
2020,2020-W37,2020-09-13,Fresno St,92
2020,2020-W37,2020-09-13,Hawaii,92
2020,2020-W37,2020-09-13,Navy,93
2020,2020-W37,2020-09-13,WKU,94
2020,2020-W37,2020-09-13,Rutgers,97
2020,2020-W37,2020-09-13,East Carolina,97
2020,2020-W37,2020-09-13,Rice,97
2020,2020-W37,2020-09-13,Northern Illinois,98
2020,2020-W37,2020-09-13,Liberty,103
2020,2020-W37,2020-09-13,Western Michigan,103
2020,2020-W37,2020-09-13,Central Michigan,103
2020,2020-W37,2020-09-13,San Jose St,103
2020,2020-W37,2020-09-13,Utah St,103
2020,2020-W37,2020-09-13,Arkansas,104
2020,2020-W37,2020-09-13,Florida St,108
2020,2020-W37,2020-09-13,Toledo,108
2020,2020-W37,2020-09-13,Eastern Michigan,108
2020,2020-W37,2020-09-13,FIU,108
2020,2020-W37,2020-09-13,Georgia St,110
2020,2020-W37,2020-09-13,UNLV,110
2020,2020-W37,2020-09-13,UTSA,111
2020,2020-W37,2020-09-13,Vanderbilt,112
2020,2020-W37,2020-09-13,North Texas,113
2020,2020-W37,2020-09-13,New Mexico,114
2020,2020-W37,2020-09-13,Bowling Green,115
2020,2020-W37,2020-09-13,Akron,116
2020,2020-W37,2020-09-13,UMass,117
2020,2020-W37,2020-09-13,UAB,119
2020,2020-W37,2020-09-13,UTEP,119
2020,2020-W37,2020-09-13,Charlotte,120
2020,2020-W37,2020-09-13,Kansas St,121
2020,2020-W37,2020-09-13,ULM,123
2020,2020-W37,2020-09-13,South Alabama,123
2020,2020-W37,2020-09-13,Middle Tenn,124
2020,2020-W37,2020-09-13,Kansas,125
2020,2020-W37,2020-09-13,Southern Miss,126
2020,2020-W37,2020-09-13,Texas St,127
2020,2020-W38,2020-09-20,"Miami, Fl",1
2020,2020-W38,2020-09-20,UCF,2
2020,2020-W38,2020-09-20,Notre Dame,3
2020,2020-W38,2020-09-20,Louisiana,4
2020,2020-W38,2020-09-20,Oklahoma St,5
2020,2020-W38,2020-09-20,Clemson,6
2020,2020-W38,2020-09-20,North Carolina,7
2020,2020-W38,2020-09-20,BYU,8
2020,2020-W38,2020-09-20,Louisville,9
2020,2020-W38,2020-09-20,Marshall,10
2020,2020-W38,2020-09-20,Texas,11
2020,2020-W38,2020-09-20,Memphis,12
2020,2020-W38,2020-09-20,Ohio St,13
2020,2020-W38,2020-09-20,LSU,14
2020,2020-W38,2020-09-20,Alabama,16
2020,2020-W38,2020-09-20,Boston College,16
2020,2020-W38,2020-09-20,Georgia,17
2020,2020-W38,2020-09-20,Florida,18
2020,2020-W38,2020-09-20,Iowa,21
2020,2020-W38,2020-09-20,Wisconsin,21
2020,2020-W38,2020-09-20,Oregon,21
2020,2020-W38,2020-09-20,Navy,22
2020,2020-W38,2020-09-20,Texas A&M,25
2020,2020-W38,2020-09-20,Penn St,25
2020,2020-W38,2020-09-20,Michigan,25
2020,2020-W38,2020-09-20,Virginia Tech,28
2020,2020-W38,2020-09-20,Kentucky,28
2020,2020-W38,2020-09-20,Oklahoma,28
2020,2020-W38,2020-09-20,Georgia Tech,29
2020,2020-W38,2020-09-20,Auburn,30
2020,2020-W38,2020-09-20,Pittsburgh,31
2020,2020-W38,2020-09-20,West Virginia,32
2020,2020-W38,2020-09-20,Indiana,34
2020,2020-W38,2020-09-20,USC,34
2020,2020-W38,2020-09-20,Tennessee,35
2020,2020-W38,2020-09-20,Minnesota,37
2020,2020-W38,2020-09-20,Washington,37
2020,2020-W38,2020-09-20,Cincinnati,38
2020,2020-W38,2020-09-20,Army,39
2020,2020-W38,2020-09-20,Virginia,41
2020,2020-W38,2020-09-20,California,41
2020,2020-W38,2020-09-20,Northwestern,44
2020,2020-W38,2020-09-20,Utah,44
2020,2020-W38,2020-09-20,Arkansas St,44
2020,2020-W38,2020-09-20,Texas Tech,46
2020,2020-W38,2020-09-20,NC State,46
2020,2020-W38,2020-09-20,Mississippi,51
2020,2020-W38,2020-09-20,Nebraska,51
2020,2020-W38,2020-09-20,Purdue,51
2020,2020-W38,2020-09-20,TCU,51
2020,2020-W38,2020-09-20,SMU,51
2020,2020-W38,2020-09-20,Houston,53
2020,2020-W38,2020-09-20,Baylor,53
2020,2020-W38,2020-09-20,Oregon St,57
2020,2020-W38,2020-09-20,Buffalo,57
2020,2020-W38,2020-09-20,Boise St,57
2020,2020-W38,2020-09-20,Air Force,57
2020,2020-W38,2020-09-20,South Carolina,61
2020,2020-W38,2020-09-20,Arizona St,61
2020,2020-W38,2020-09-20,Washington St,61
2020,2020-W38,2020-09-20,Ohio,61
2020,2020-W38,2020-09-20,Coastal Carolina,62
2020,2020-W38,2020-09-20,Stanford,63
2020,2020-W38,2020-09-20,FAU,64
2020,2020-W38,2020-09-20,Mississippi St,68
2020,2020-W38,2020-09-20,Illinois,68
2020,2020-W38,2020-09-20,Colorado,68
2020,2020-W38,2020-09-20,Wyoming,68
2020,2020-W38,2020-09-20,Missouri,71
2020,2020-W38,2020-09-20,UCLA,71
2020,2020-W38,2020-09-20,Colorado St,71
2020,2020-W38,2020-09-20,Liberty,72
2020,2020-W38,2020-09-20,Georgia Southern,73
2020,2020-W38,2020-09-20,Temple,76
2020,2020-W38,2020-09-20,Arizona,76
2020,2020-W38,2020-09-20,Kent St,76
2020,2020-W38,2020-09-20,Iowa St,77
2020,2020-W38,2020-09-20,Tulsa,79
2020,2020-W38,2020-09-20,Louisiana Tech,79
2020,2020-W38,2020-09-20,Miami (OH),81
2020,2020-W38,2020-09-20,San Diego St,81
2020,2020-W38,2020-09-20,Michigan St,83
2020,2020-W38,2020-09-20,Ball St,83
2020,2020-W38,2020-09-20,Maryland,85
2020,2020-W38,2020-09-20,Nevada,85
2020,2020-W38,2020-09-20,Troy,86
2020,2020-W38,2020-09-20,USF,89
2020,2020-W38,2020-09-20,Fresno St,89
2020,2020-W38,2020-09-20,Hawaii,89
2020,2020-W38,2020-09-20,Appalachian St,93
2020,2020-W38,2020-09-20,Rutgers,93
2020,2020-W38,2020-09-20,East Carolina,93
2020,2020-W38,2020-09-20,Rice,93
2020,2020-W38,2020-09-20,Northern Illinois,94
2020,2020-W38,2020-09-20,Western Michigan,98
2020,2020-W38,2020-09-20,Central Michigan,98
2020,2020-W38,2020-09-20,San Jose St,98
2020,2020-W38,2020-09-20,Utah St,98
2020,2020-W38,2020-09-20,Arkansas,99
2020,2020-W38,2020-09-20,Florida St,103
2020,2020-W38,2020-09-20,Toledo,103
2020,2020-W38,2020-09-20,Eastern Michigan,103
2020,2020-W38,2020-09-20,FIU,103
2020,2020-W38,2020-09-20,UNLV,105
2020,2020-W38,2020-09-20,UTSA,105
2020,2020-W38,2020-09-20,Georgia St,107
2020,2020-W38,2020-09-20,Vanderbilt,107
2020,2020-W38,2020-09-20,New Mexico,108
2020,2020-W38,2020-09-20,Bowling Green,109
2020,2020-W38,2020-09-20,Akron,110
2020,2020-W38,2020-09-20,Tulane,112
2020,2020-W38,2020-09-20,UMass,112
2020,2020-W38,2020-09-20,UTEP,113
2020,2020-W38,2020-09-20,UAB,114
2020,2020-W38,2020-09-20,Duke,115
2020,2020-W38,2020-09-20,Charlotte,116
2020,2020-W38,2020-09-20,Syracuse,117
2020,2020-W38,2020-09-20,Kansas St,118
2020,2020-W38,2020-09-20,South Alabama,119
2020,2020-W38,2020-09-20,Wake Forest,120
2020,2020-W38,2020-09-20,North Texas,121
2020,2020-W38,2020-09-20,Kansas,122
2020,2020-W38,2020-09-20,WKU,123
2020,2020-W38,2020-09-20,Middle Tenn,124
2020,2020-W38,2020-09-20,ULM,125
2020,2020-W38,2020-09-20,Texas St,126
2020,2020-W38,2020-09-20,Southern Miss,127
2020,2020-W39,2020-09-27,Oklahoma St,2
2020,2020-W39,2020-09-27,"Miami, Fl",2
2020,2020-W39,2020-09-27,UCF,3
2020,2020-W39,2020-09-27,Louisiana,4
2020,2020-W39,2020-09-27,Pittsburgh,5
2020,2020-W39,2020-09-27,Notre Dame,6
2020,2020-W39,2020-09-27,Texas,7
2020,2020-W39,2020-09-27,Auburn,8
2020,2020-W39,2020-09-27,BYU,9
2020,2020-W39,2020-09-27,Florida,10
2020,2020-W39,2020-09-27,Virginia Tech,11
2020,2020-W39,2020-09-27,Cincinnati,12
2020,2020-W39,2020-09-27,Alabama,13
2020,2020-W39,2020-09-27,Clemson,15
2020,2020-W39,2020-09-27,Mississippi St,15
2020,2020-W39,2020-09-27,Tennessee,16
2020,2020-W39,2020-09-27,North Carolina,17
2020,2020-W39,2020-09-27,Georgia,18
2020,2020-W39,2020-09-27,Marshall,19
2020,2020-W39,2020-09-27,Texas A&M,20
2020,2020-W39,2020-09-27,Memphis,21
2020,2020-W39,2020-09-27,Ohio St,22
2020,2020-W39,2020-09-27,Boston College,23
2020,2020-W39,2020-09-27,Iowa St,24
2020,2020-W39,2020-09-27,Iowa,28
2020,2020-W39,2020-09-27,Wisconsin,28
2020,2020-W39,2020-09-27,Oregon,28
2020,2020-W39,2020-09-27,Louisville,28
2020,2020-W39,2020-09-27,Navy,29
2020,2020-W39,2020-09-27,Penn St,31
2020,2020-W39,2020-09-27,Michigan,31
2020,2020-W39,2020-09-27,Virginia,32
2020,2020-W39,2020-09-27,Indiana,34
2020,2020-W39,2020-09-27,USC,34
2020,2020-W39,2020-09-27,West Virginia,37
2020,2020-W39,2020-09-27,Minnesota,37
2020,2020-W39,2020-09-27,Washington,37
2020,2020-W39,2020-09-27,California,38
2020,2020-W39,2020-09-27,Northwestern,41
2020,2020-W39,2020-09-27,Utah,41
2020,2020-W39,2020-09-27,Arkansas St,41
2020,2020-W39,2020-09-27,Baylor,42
2020,2020-W39,2020-09-27,SMU,43
2020,2020-W39,2020-09-27,Nebraska,45
2020,2020-W39,2020-09-27,Purdue,45
2020,2020-W39,2020-09-27,Houston,46
2020,2020-W39,2020-09-27,Kentucky,47
2020,2020-W39,2020-09-27,Oregon St,51
2020,2020-W39,2020-09-27,Buffalo,51
2020,2020-W39,2020-09-27,Boise St,51
2020,2020-W39,2020-09-27,Air Force,51
2020,2020-W39,2020-09-27,Texas Tech,53
2020,2020-W39,2020-09-27,Liberty,53
2020,2020-W39,2020-09-27,Arizona St,56
2020,2020-W39,2020-09-27,Washington St,56
2020,2020-W39,2020-09-27,Ohio,56
2020,2020-W39,2020-09-27,Coastal Carolina,57
2020,2020-W39,2020-09-27,Kansas St,60
2020,2020-W39,2020-09-27,Mississippi,60
2020,2020-W39,2020-09-27,Syracuse,60
2020,2020-W39,2020-09-27,Stanford,61
2020,2020-W39,2020-09-27,FAU,62
2020,2020-W39,2020-09-27,LSU,67
2020,2020-W39,2020-09-27,Illinois,67
2020,2020-W39,2020-09-27,Colorado,67
2020,2020-W39,2020-09-27,Wyoming,67
2020,2020-W39,2020-09-27,Army,67
2020,2020-W39,2020-09-27,NC State,68
2020,2020-W39,2020-09-27,UCLA,70
2020,2020-W39,2020-09-27,Colorado St,70
2020,2020-W39,2020-09-27,Temple,73
2020,2020-W39,2020-09-27,Arizona,73
2020,2020-W39,2020-09-27,Kent St,73
2020,2020-W39,2020-09-27,Louisiana Tech,74
2020,2020-W39,2020-09-27,Tulsa,76
2020,2020-W39,2020-09-27,Georgia Southern,76
2020,2020-W39,2020-09-27,Miami (OH),78
2020,2020-W39,2020-09-27,San Diego St,78
2020,2020-W39,2020-09-27,Michigan St,80
2020,2020-W39,2020-09-27,Ball St,80
2020,2020-W39,2020-09-27,South Carolina,81
2020,2020-W39,2020-09-27,Missouri,82
2020,2020-W39,2020-09-27,Maryland,84
2020,2020-W39,2020-09-27,Nevada,84
2020,2020-W39,2020-09-27,USF,87
2020,2020-W39,2020-09-27,Fresno St,87
2020,2020-W39,2020-09-27,Hawaii,87
2020,2020-W39,2020-09-27,Appalachian St,88
2020,2020-W39,2020-09-27,Rutgers,90
2020,2020-W39,2020-09-27,Rice,90
2020,2020-W39,2020-09-27,East Carolina,92
2020,2020-W39,2020-09-27,Northern Illinois,92
2020,2020-W39,2020-09-27,Western Michigan,96
2020,2020-W39,2020-09-27,Central Michigan,96
2020,2020-W39,2020-09-27,San Jose St,96
2020,2020-W39,2020-09-27,Utah St,96
2020,2020-W39,2020-09-27,Troy,97
2020,2020-W39,2020-09-27,UTSA,98
2020,2020-W39,2020-09-27,Toledo,100
2020,2020-W39,2020-09-27,Eastern Michigan,100
2020,2020-W39,2020-09-27,Florida St,101
2020,2020-W39,2020-09-27,UNLV,102
2020,2020-W39,2020-09-27,TCU,103
2020,2020-W39,2020-09-27,Georgia St,104
2020,2020-W39,2020-09-27,New Mexico,105
2020,2020-W39,2020-09-27,Bowling Green,106
2020,2020-W39,2020-09-27,UAB,109
2020,2020-W39,2020-09-27,Tulane,109
2020,2020-W39,2020-09-27,Akron,109
2020,2020-W39,2020-09-27,UMass,110
2020,2020-W39,2020-09-27,Arkansas,111
2020,2020-W39,2020-09-27,UTEP,112
2020,2020-W39,2020-09-27,Oklahoma,113
2020,2020-W39,2020-09-27,Georgia Tech,114
2020,2020-W39,2020-09-27,Vanderbilt,115
2020,2020-W39,2020-09-27,Charlotte,116
2020,2020-W39,2020-09-27,Wake Forest,117
2020,2020-W39,2020-09-27,Duke,118
2020,2020-W39,2020-09-27,North Texas,119
2020,2020-W39,2020-09-27,FIU,120
2020,2020-W39,2020-09-27,WKU,121
2020,2020-W39,2020-09-27,Kansas,122
2020,2020-W39,2020-09-27,South Alabama,123
2020,2020-W39,2020-09-27,Texas St,124
2020,2020-W39,2020-09-27,Middle Tenn,125
2020,2020-W39,2020-09-27,ULM,126
2020,2020-W39,2020-09-27,Southern Miss,127
2020,2020-W40,2020-10-04,Alabama,1
2020,2020-W40,2020-10-04,Oklahoma St,2
2020,2020-W40,2020-10-04,"Miami, Fl",3
2020,2020-W40,2020-10-04,Georgia,4
2020,2020-W40,2020-10-04,North Carolina,5
2020,2020-W40,2020-10-04,Clemson,6
2020,2020-W40,2020-10-04,BYU,7
2020,2020-W40,2020-10-04,Louisiana,8
2020,2020-W40,2020-10-04,Florida,9
2020,2020-W40,2020-10-04,Cincinnati,10
2020,2020-W40,2020-10-04,Notre Dame,11
2020,2020-W40,2020-10-04,Tennessee,12
2020,2020-W40,2020-10-04,Virginia Tech,13
2020,2020-W40,2020-10-04,SMU,14
2020,2020-W40,2020-10-04,Auburn,15
2020,2020-W40,2020-10-04,West Virginia,16
2020,2020-W40,2020-10-04,UCF,17
2020,2020-W40,2020-10-04,NC State,18
2020,2020-W40,2020-10-04,Air Force,19
2020,2020-W40,2020-10-04,Tulsa,20
2020,2020-W40,2020-10-04,Pittsburgh,21
2020,2020-W40,2020-10-04,Coastal Carolina,22
2020,2020-W40,2020-10-04,Mississippi,23
2020,2020-W40,2020-10-04,Kansas St,24
2020,2020-W40,2020-10-04,Iowa St,25
2020,2020-W40,2020-10-04,Marshall,26
2020,2020-W40,2020-10-04,TCU,27
2020,2020-W40,2020-10-04,Ohio St,28
2020,2020-W40,2020-10-04,Texas A&M,29
2020,2020-W40,2020-10-04,Iowa,33
2020,2020-W40,2020-10-04,Wisconsin,33
2020,2020-W40,2020-10-04,Oregon,33
2020,2020-W40,2020-10-04,Louisville,33
2020,2020-W40,2020-10-04,Texas,34
2020,2020-W40,2020-10-04,Penn St,36
2020,2020-W40,2020-10-04,Michigan,36
2020,2020-W40,2020-10-04,Arkansas,37
2020,2020-W40,2020-10-04,Boston College,38
2020,2020-W40,2020-10-04,Indiana,40
2020,2020-W40,2020-10-04,USC,40
2020,2020-W40,2020-10-04,Minnesota,42
2020,2020-W40,2020-10-04,Washington,42
2020,2020-W40,2020-10-04,California,43
2020,2020-W40,2020-10-04,Northwestern,45
2020,2020-W40,2020-10-04,Utah,45
2020,2020-W40,2020-10-04,Virginia,46
2020,2020-W40,2020-10-04,Memphis,49
2020,2020-W40,2020-10-04,Nebraska,49
2020,2020-W40,2020-10-04,Purdue,49
2020,2020-W40,2020-10-04,Houston,50
2020,2020-W40,2020-10-04,Oregon St,54
2020,2020-W40,2020-10-04,Buffalo,54
2020,2020-W40,2020-10-04,Boise St,54
2020,2020-W40,2020-10-04,Liberty,54
2020,2020-W40,2020-10-04,FAU,55
2020,2020-W40,2020-10-04,Arizona St,58
2020,2020-W40,2020-10-04,Washington St,58
2020,2020-W40,2020-10-04,Ohio,58
2020,2020-W40,2020-10-04,LSU,59
2020,2020-W40,2020-10-04,Syracuse,60
2020,2020-W40,2020-10-04,Navy,62
2020,2020-W40,2020-10-04,Stanford,62
2020,2020-W40,2020-10-04,Mississippi St,63
2020,2020-W40,2020-10-04,Army,64
2020,2020-W40,2020-10-04,Illinois,67
2020,2020-W40,2020-10-04,Colorado,67
2020,2020-W40,2020-10-04,Wyoming,67
2020,2020-W40,2020-10-04,Baylor,70
2020,2020-W40,2020-10-04,UCLA,70
2020,2020-W40,2020-10-04,Colorado St,70
2020,2020-W40,2020-10-04,Temple,73
2020,2020-W40,2020-10-04,Arizona,73
2020,2020-W40,2020-10-04,Kent St,73
2020,2020-W40,2020-10-04,Georgia Southern,74
2020,2020-W40,2020-10-04,Georgia St,75
2020,2020-W40,2020-10-04,Miami (OH),77
2020,2020-W40,2020-10-04,San Diego St,77
2020,2020-W40,2020-10-04,Michigan St,79
2020,2020-W40,2020-10-04,Ball St,79
2020,2020-W40,2020-10-04,Louisiana Tech,80
2020,2020-W40,2020-10-04,Maryland,82
2020,2020-W40,2020-10-04,Nevada,82
2020,2020-W40,2020-10-04,Arkansas St,83
2020,2020-W40,2020-10-04,UAB,84
2020,2020-W40,2020-10-04,South Carolina,87
2020,2020-W40,2020-10-04,Fresno St,87
2020,2020-W40,2020-10-04,Hawaii,87
2020,2020-W40,2020-10-04,Appalachian St,88
2020,2020-W40,2020-10-04,Rutgers,90
2020,2020-W40,2020-10-04,Rice,90
2020,2020-W40,2020-10-04,Northern Illinois,91
2020,2020-W40,2020-10-04,Kentucky,93
2020,2020-W40,2020-10-04,Missouri,93
2020,2020-W40,2020-10-04,Western Michigan,97
2020,2020-W40,2020-10-04,Central Michigan,97
2020,2020-W40,2020-10-04,San Jose St,97
2020,2020-W40,2020-10-04,Utah St,97
2020,2020-W40,2020-10-04,Texas Tech,100
2020,2020-W40,2020-10-04,USF,100
2020,2020-W40,2020-10-04,Troy,100
2020,2020-W40,2020-10-04,Florida St,103
2020,2020-W40,2020-10-04,Toledo,103
2020,2020-W40,2020-10-04,Eastern Michigan,103
2020,2020-W40,2020-10-04,UNLV,104
2020,2020-W40,2020-10-04,New Mexico,105
2020,2020-W40,2020-10-04,Bowling Green,106
2020,2020-W40,2020-10-04,Tulane,108
2020,2020-W40,2020-10-04,Akron,108
2020,2020-W40,2020-10-04,UMass,109
2020,2020-W40,2020-10-04,UTEP,110
2020,2020-W40,2020-10-04,Georgia Tech,111
2020,2020-W40,2020-10-04,Oklahoma,112
2020,2020-W40,2020-10-04,Wake Forest,113
2020,2020-W40,2020-10-04,Duke,115
2020,2020-W40,2020-10-04,FIU,115
2020,2020-W40,2020-10-04,WKU,116
2020,2020-W40,2020-10-04,Charlotte,117
2020,2020-W40,2020-10-04,East Carolina,118
2020,2020-W40,2020-10-04,Vanderbilt,119
2020,2020-W40,2020-10-04,UTSA,120
2020,2020-W40,2020-10-04,Kansas,121
2020,2020-W40,2020-10-04,South Alabama,122
2020,2020-W40,2020-10-04,North Texas,123
2020,2020-W40,2020-10-04,Texas St,124
2020,2020-W40,2020-10-04,Southern Miss,125
2020,2020-W40,2020-10-04,ULM,126
2020,2020-W40,2020-10-04,Middle Tenn,127
2020,2020-W41,2020-10-11,Alabama,1
2020,2020-W41,2020-10-11,Georgia,2
2020,2020-W41,2020-10-11,Clemson,3
2020,2020-W41,2020-10-11,North Carolina,4
2020,2020-W41,2020-10-11,Auburn,5
2020,2020-W41,2020-10-11,Oklahoma St,6
2020,2020-W41,2020-10-11,"Miami, Fl",7
2020,2020-W41,2020-10-11,BYU,9
2020,2020-W41,2020-10-11,NC State,9
2020,2020-W41,2020-10-11,Notre Dame,10
2020,2020-W41,2020-10-11,Louisiana,11
2020,2020-W41,2020-10-11,Kansas St,12
2020,2020-W41,2020-10-11,Texas A&M,13
2020,2020-W41,2020-10-11,Cincinnati,14
2020,2020-W41,2020-10-11,Boston College,15
2020,2020-W41,2020-10-11,Florida,16
2020,2020-W41,2020-10-11,Tennessee,17
2020,2020-W41,2020-10-11,Virginia Tech,18
2020,2020-W41,2020-10-11,SMU,19
2020,2020-W41,2020-10-11,West Virginia,20
2020,2020-W41,2020-10-11,UCF,21
2020,2020-W41,2020-10-11,Air Force,22
2020,2020-W41,2020-10-11,Tulsa,23
2020,2020-W41,2020-10-11,Iowa St,24
2020,2020-W41,2020-10-11,Coastal Carolina,25
2020,2020-W41,2020-10-11,Marshall,26
2020,2020-W41,2020-10-11,Mississippi,27
2020,2020-W41,2020-10-11,Ohio St,28
2020,2020-W41,2020-10-11,Pittsburgh,29
2020,2020-W41,2020-10-11,Navy,30
2020,2020-W41,2020-10-11,Iowa,33
2020,2020-W41,2020-10-11,Wisconsin,33
2020,2020-W41,2020-10-11,Oregon,33
2020,2020-W41,2020-10-11,Penn St,35
2020,2020-W41,2020-10-11,Michigan,35
2020,2020-W41,2020-10-11,TCU,36
2020,2020-W41,2020-10-11,Indiana,38
2020,2020-W41,2020-10-11,USC,38
2020,2020-W41,2020-10-11,Houston,39
2020,2020-W41,2020-10-11,Minnesota,41
2020,2020-W41,2020-10-11,Washington,41
2020,2020-W41,2020-10-11,Arkansas,42
2020,2020-W41,2020-10-11,California,43
2020,2020-W41,2020-10-11,Northwestern,45
2020,2020-W41,2020-10-11,Utah,45
2020,2020-W41,2020-10-11,Missouri,46
2020,2020-W41,2020-10-11,Georgia Tech,47
2020,2020-W41,2020-10-11,Kentucky,51
2020,2020-W41,2020-10-11,Memphis,51
2020,2020-W41,2020-10-11,Nebraska,51
2020,2020-W41,2020-10-11,Purdue,51
2020,2020-W41,2020-10-11,Liberty,52
2020,2020-W41,2020-10-11,Oregon St,55
2020,2020-W41,2020-10-11,Buffalo,55
2020,2020-W41,2020-10-11,Boise St,55
2020,2020-W41,2020-10-11,FAU,56
2020,2020-W41,2020-10-11,Arizona St,59
2020,2020-W41,2020-10-11,Washington St,59
2020,2020-W41,2020-10-11,Ohio,59
2020,2020-W41,2020-10-11,Virginia,60
2020,2020-W41,2020-10-11,Stanford,61
2020,2020-W41,2020-10-11,Oklahoma,62
2020,2020-W41,2020-10-11,Army,63
2020,2020-W41,2020-10-11,Illinois,66
2020,2020-W41,2020-10-11,Colorado,66
2020,2020-W41,2020-10-11,Wyoming,66
2020,2020-W41,2020-10-11,Louisiana Tech,67
2020,2020-W41,2020-10-11,Baylor,70
2020,2020-W41,2020-10-11,UCLA,70
2020,2020-W41,2020-10-11,Colorado St,70
2020,2020-W41,2020-10-11,Arizona,72
2020,2020-W41,2020-10-11,Kent St,72
2020,2020-W41,2020-10-11,Georgia Southern,73
2020,2020-W41,2020-10-11,Georgia St,74
2020,2020-W41,2020-10-11,Miami (OH),76
2020,2020-W41,2020-10-11,San Diego St,76
2020,2020-W41,2020-10-11,Michigan St,78
2020,2020-W41,2020-10-11,Ball St,78
2020,2020-W41,2020-10-11,South Carolina,79
2020,2020-W41,2020-10-11,Maryland,82
2020,2020-W41,2020-10-11,Nevada,82
2020,2020-W41,2020-10-11,Arkansas St,82
2020,2020-W41,2020-10-11,UAB,83
2020,2020-W41,2020-10-11,Fresno St,85
2020,2020-W41,2020-10-11,Hawaii,85
2020,2020-W41,2020-10-11,Appalachian St,86
2020,2020-W41,2020-10-11,Rutgers,88
2020,2020-W41,2020-10-11,Rice,88
2020,2020-W41,2020-10-11,Northern Illinois,89
2020,2020-W41,2020-10-11,Troy,90
2020,2020-W41,2020-10-11,Western Michigan,94
2020,2020-W41,2020-10-11,Central Michigan,94
2020,2020-W41,2020-10-11,San Jose St,94
2020,2020-W41,2020-10-11,Utah St,94
2020,2020-W41,2020-10-11,Toledo,96
2020,2020-W41,2020-10-11,Eastern Michigan,96
2020,2020-W41,2020-10-11,UNLV,97
2020,2020-W41,2020-10-11,Duke,98
2020,2020-W41,2020-10-11,Louisville,99
2020,2020-W41,2020-10-11,New Mexico,100
2020,2020-W41,2020-10-11,Texas,102
2020,2020-W41,2020-10-11,Bowling Green,102
2020,2020-W41,2020-10-11,Akron,103
2020,2020-W41,2020-10-11,Florida St,105
2020,2020-W41,2020-10-11,UMass,105
2020,2020-W41,2020-10-11,Texas Tech,106
2020,2020-W41,2020-10-11,Temple,107
2020,2020-W41,2020-10-11,LSU,108
2020,2020-W41,2020-10-11,Mississippi St,109
2020,2020-W41,2020-10-11,Wake Forest,110
2020,2020-W41,2020-10-11,Syracuse,111
2020,2020-W41,2020-10-11,Tulane,112
2020,2020-W41,2020-10-11,East Carolina,113
2020,2020-W41,2020-10-11,Charlotte,114
2020,2020-W41,2020-10-11,UTEP,115
2020,2020-W41,2020-10-11,WKU,116
2020,2020-W41,2020-10-11,UTSA,117
2020,2020-W41,2020-10-11,USF,118
2020,2020-W41,2020-10-11,Kansas,119
2020,2020-W41,2020-10-11,South Alabama,120
2020,2020-W41,2020-10-11,Vanderbilt,121
2020,2020-W41,2020-10-11,FIU,122
2020,2020-W41,2020-10-11,Southern Miss,123
2020,2020-W41,2020-10-11,Texas St,124
2020,2020-W41,2020-10-11,North Texas,125
2020,2020-W41,2020-10-11,Middle Tenn,126
2020,2020-W41,2020-10-11,ULM,127
2020,2020-W42,2020-10-18,Alabama,1
2020,2020-W42,2020-10-18,Clemson,2
2020,2020-W42,2020-10-18,Georgia,3
2020,2020-W42,2020-10-18,"Miami, Fl",4
2020,2020-W42,2020-10-18,BYU,5
2020,2020-W42,2020-10-18,Virginia Tech,6
2020,2020-W42,2020-10-18,NC State,7
2020,2020-W42,2020-10-18,Oklahoma St,8
2020,2020-W42,2020-10-18,Notre Dame,10
2020,2020-W42,2020-10-18,North Carolina,10
2020,2020-W42,2020-10-18,Coastal Carolina,11
2020,2020-W42,2020-10-18,Texas A&M,12
2020,2020-W42,2020-10-18,Kansas St,13
2020,2020-W42,2020-10-18,Cincinnati,14
2020,2020-W42,2020-10-18,Louisiana,15
2020,2020-W42,2020-10-18,Florida,16
2020,2020-W42,2020-10-18,SMU,18
2020,2020-W42,2020-10-18,Marshall,18
2020,2020-W42,2020-10-18,Auburn,19
2020,2020-W42,2020-10-18,Arkansas,20
2020,2020-W42,2020-10-18,Kentucky,23
2020,2020-W42,2020-10-18,West Virginia,23
2020,2020-W42,2020-10-18,Boston College,23
2020,2020-W42,2020-10-18,Memphis,24
2020,2020-W42,2020-10-18,Air Force,25
2020,2020-W42,2020-10-18,Tulsa,26
2020,2020-W42,2020-10-18,Iowa St,27
2020,2020-W42,2020-10-18,Tennessee,29
2020,2020-W42,2020-10-18,South Carolina,29
2020,2020-W42,2020-10-18,Navy,30
2020,2020-W42,2020-10-18,UCF,31
2020,2020-W42,2020-10-18,Ohio St,32
2020,2020-W42,2020-10-18,Florida St,33
2020,2020-W42,2020-10-18,Iowa,36
2020,2020-W42,2020-10-18,Wisconsin,36
2020,2020-W42,2020-10-18,Oregon,36
2020,2020-W42,2020-10-18,Penn St,39
2020,2020-W42,2020-10-18,Michigan,39
2020,2020-W42,2020-10-18,Pittsburgh,39
2020,2020-W42,2020-10-18,Mississippi,41
2020,2020-W42,2020-10-18,TCU,41
2020,2020-W42,2020-10-18,Indiana,43
2020,2020-W42,2020-10-18,USC,43
2020,2020-W42,2020-10-18,Minnesota,45
2020,2020-W42,2020-10-18,Washington,45
2020,2020-W42,2020-10-18,Liberty,46
2020,2020-W42,2020-10-18,California,47
2020,2020-W42,2020-10-18,Houston,48
2020,2020-W42,2020-10-18,Northwestern,50
2020,2020-W42,2020-10-18,Utah,50
2020,2020-W42,2020-10-18,Missouri,51
2020,2020-W42,2020-10-18,Arkansas St,52
2020,2020-W42,2020-10-18,Nebraska,54
2020,2020-W42,2020-10-18,Purdue,54
2020,2020-W42,2020-10-18,Georgia Tech,55
2020,2020-W42,2020-10-18,Oregon St,58
2020,2020-W42,2020-10-18,Buffalo,58
2020,2020-W42,2020-10-18,Boise St,58
2020,2020-W42,2020-10-18,FAU,59
2020,2020-W42,2020-10-18,Arizona St,62
2020,2020-W42,2020-10-18,Washington St,62
2020,2020-W42,2020-10-18,Ohio,62
2020,2020-W42,2020-10-18,Georgia Southern,63
2020,2020-W42,2020-10-18,Army,64
2020,2020-W42,2020-10-18,Stanford,65
2020,2020-W42,2020-10-18,Oklahoma,66
2020,2020-W42,2020-10-18,Illinois,69
2020,2020-W42,2020-10-18,Colorado,69
2020,2020-W42,2020-10-18,Wyoming,69
2020,2020-W42,2020-10-18,Baylor,72
2020,2020-W42,2020-10-18,UCLA,72
2020,2020-W42,2020-10-18,Colorado St,72
2020,2020-W42,2020-10-18,Arizona,74
2020,2020-W42,2020-10-18,Kent St,74
2020,2020-W42,2020-10-18,UAB,75
2020,2020-W42,2020-10-18,Miami (OH),77
2020,2020-W42,2020-10-18,San Diego St,77
2020,2020-W42,2020-10-18,Michigan St,79
2020,2020-W42,2020-10-18,Ball St,79
2020,2020-W42,2020-10-18,Maryland,81
2020,2020-W42,2020-10-18,Nevada,81
2020,2020-W42,2020-10-18,Louisiana Tech,82
2020,2020-W42,2020-10-18,Fresno St,84
2020,2020-W42,2020-10-18,Hawaii,84
2020,2020-W42,2020-10-18,Appalachian St,85
2020,2020-W42,2020-10-18,Wake Forest,88
2020,2020-W42,2020-10-18,Rutgers,88
2020,2020-W42,2020-10-18,Rice,88
2020,2020-W42,2020-10-18,Northern Illinois,89
2020,2020-W42,2020-10-18,Troy,90
2020,2020-W42,2020-10-18,Western Michigan,94
2020,2020-W42,2020-10-18,Central Michigan,94
2020,2020-W42,2020-10-18,San Jose St,94
2020,2020-W42,2020-10-18,Utah St,94
2020,2020-W42,2020-10-18,Toledo,96
2020,2020-W42,2020-10-18,Eastern Michigan,96
2020,2020-W42,2020-10-18,UNLV,97
2020,2020-W42,2020-10-18,New Mexico,98
2020,2020-W42,2020-10-18,Texas,100
2020,2020-W42,2020-10-18,Bowling Green,100
2020,2020-W42,2020-10-18,Akron,101
2020,2020-W42,2020-10-18,Duke,102
2020,2020-W42,2020-10-18,Louisville,104
2020,2020-W42,2020-10-18,Temple,104
2020,2020-W42,2020-10-18,Texas Tech,105
2020,2020-W42,2020-10-18,LSU,106
2020,2020-W42,2020-10-18,Georgia St,107
2020,2020-W42,2020-10-18,Virginia,108
2020,2020-W42,2020-10-18,Mississippi St,109
2020,2020-W42,2020-10-18,Tulane,110
2020,2020-W42,2020-10-18,UMass,111
2020,2020-W42,2020-10-18,Charlotte,112
2020,2020-W42,2020-10-18,East Carolina,114
2020,2020-W42,2020-10-18,UTEP,114
2020,2020-W42,2020-10-18,Syracuse,115
2020,2020-W42,2020-10-18,Kansas,116
2020,2020-W42,2020-10-18,South Alabama,117
2020,2020-W42,2020-10-18,UTSA,118
2020,2020-W42,2020-10-18,Vanderbilt,119
2020,2020-W42,2020-10-18,WKU,120
2020,2020-W42,2020-10-18,FIU,121
2020,2020-W42,2020-10-18,USF,122
2020,2020-W42,2020-10-18,Southern Miss,123
2020,2020-W42,2020-10-18,North Texas,124
2020,2020-W42,2020-10-18,Texas St,125
2020,2020-W42,2020-10-18,ULM,126
2020,2020-W42,2020-10-18,Middle Tenn,127
2020,2020-W43,2020-10-25,Alabama,1
2020,2020-W43,2020-10-25,Clemson,2
2020,2020-W43,2020-10-25,North Carolina,3
2020,2020-W43,2020-10-25,"Miami, Fl",4
2020,2020-W43,2020-10-25,Georgia,5
2020,2020-W43,2020-10-25,Oklahoma St,6
2020,2020-W43,2020-10-25,Notre Dame,7
2020,2020-W43,2020-10-25,BYU,8
2020,2020-W43,2020-10-25,Coastal Carolina,9
2020,2020-W43,2020-10-25,Cincinnati,10
2020,2020-W43,2020-10-25,Auburn,11
2020,2020-W43,2020-10-25,NC State,12
2020,2020-W43,2020-10-25,Marshall,13
2020,2020-W43,2020-10-25,Louisiana,14
2020,2020-W43,2020-10-25,Boston College,15
2020,2020-W43,2020-10-25,Texas A&M,16
2020,2020-W43,2020-10-25,Kansas St,17
2020,2020-W43,2020-10-25,Virginia Tech,18
2020,2020-W43,2020-10-25,Memphis,19
2020,2020-W43,2020-10-25,Florida,20
2020,2020-W43,2020-10-25,Ohio St,21
2020,2020-W43,2020-10-25,Arkansas,22
2020,2020-W43,2020-10-25,Michigan,24
2020,2020-W43,2020-10-25,Missouri,24
2020,2020-W43,2020-10-25,Indiana,25
2020,2020-W43,2020-10-25,SMU,26
2020,2020-W43,2020-10-25,Houston,27
2020,2020-W43,2020-10-25,Purdue,28
2020,2020-W43,2020-10-25,Wisconsin,30
2020,2020-W43,2020-10-25,Tulsa,30
2020,2020-W43,2020-10-25,Tennessee,32
2020,2020-W43,2020-10-25,Iowa St,32
2020,2020-W43,2020-10-25,Oklahoma,33
2020,2020-W43,2020-10-25,UCF,34
2020,2020-W43,2020-10-25,Wake Forest,35
2020,2020-W43,2020-10-25,Kentucky,36
2020,2020-W43,2020-10-25,Northwestern,37
2020,2020-W43,2020-10-25,Oregon,38
2020,2020-W43,2020-10-25,San Jose St,39
2020,2020-W43,2020-10-25,Boise St,40
2020,2020-W43,2020-10-25,USC,41
2020,2020-W43,2020-10-25,Pittsburgh,42
2020,2020-W43,2020-10-25,Appalachian St,44
2020,2020-W43,2020-10-25,Liberty,44
2020,2020-W43,2020-10-25,Washington,45
2020,2020-W43,2020-10-25,Texas Tech,46
2020,2020-W43,2020-10-25,California,48
2020,2020-W43,2020-10-25,Nevada,48
2020,2020-W43,2020-10-25,West Virginia,51
2020,2020-W43,2020-10-25,Louisville,51
2020,2020-W43,2020-10-25,Utah,51
2020,2020-W43,2020-10-25,Navy,54
2020,2020-W43,2020-10-25,Mississippi,54
2020,2020-W43,2020-10-25,Air Force,54
2020,2020-W43,2020-10-25,San Diego St,55
2020,2020-W43,2020-10-25,Oregon St,57
2020,2020-W43,2020-10-25,Buffalo,57
2020,2020-W43,2020-10-25,LSU,58
2020,2020-W43,2020-10-25,Rutgers,59
2020,2020-W43,2020-10-25,Arizona St,62
2020,2020-W43,2020-10-25,Washington St,62
2020,2020-W43,2020-10-25,Ohio,62
2020,2020-W43,2020-10-25,Hawaii,63
2020,2020-W43,2020-10-25,Army,64
2020,2020-W43,2020-10-25,Penn St,65
2020,2020-W43,2020-10-25,Stanford,66
2020,2020-W43,2020-10-25,Iowa,67
2020,2020-W43,2020-10-25,Minnesota,68
2020,2020-W43,2020-10-25,Georgia Tech,69
2020,2020-W43,2020-10-25,Georgia Southern,70
2020,2020-W43,2020-10-25,Texas,71
2020,2020-W43,2020-10-25,Colorado,72
2020,2020-W43,2020-10-25,FAU,73
2020,2020-W43,2020-10-25,Nebraska,75
2020,2020-W43,2020-10-25,South Carolina,75
2020,2020-W43,2020-10-25,UCLA,77
2020,2020-W43,2020-10-25,Colorado St,77
2020,2020-W43,2020-10-25,Arizona,79
2020,2020-W43,2020-10-25,Kent St,79
2020,2020-W43,2020-10-25,Miami (OH),80
2020,2020-W43,2020-10-25,TCU,82
2020,2020-W43,2020-10-25,Ball St,82
2020,2020-W43,2020-10-25,UAB,83
2020,2020-W43,2020-10-25,Northern Illinois,84
2020,2020-W43,2020-10-25,Florida St,86
2020,2020-W43,2020-10-25,Illinois,86
2020,2020-W43,2020-10-25,Western Michigan,88
2020,2020-W43,2020-10-25,Central Michigan,88
2020,2020-W43,2020-10-25,Toledo,90
2020,2020-W43,2020-10-25,Eastern Michigan,90
2020,2020-W43,2020-10-25,New Mexico,91
2020,2020-W43,2020-10-25,Arkansas St,92
2020,2020-W43,2020-10-25,Bowling Green,93
2020,2020-W43,2020-10-25,Akron,94
2020,2020-W43,2020-10-25,Georgia St,95
2020,2020-W43,2020-10-25,Duke,96
2020,2020-W43,2020-10-25,Maryland,97
2020,2020-W43,2020-10-25,Wyoming,98
2020,2020-W43,2020-10-25,Temple,99
2020,2020-W43,2020-10-25,Utah St,100
2020,2020-W43,2020-10-25,Mississippi St,101
2020,2020-W43,2020-10-25,Virginia,104
2020,2020-W43,2020-10-25,Baylor,104
2020,2020-W43,2020-10-25,Michigan St,104
2020,2020-W43,2020-10-25,Fresno St,105
2020,2020-W43,2020-10-25,Charlotte,106
2020,2020-W43,2020-10-25,UNLV,107
2020,2020-W43,2020-10-25,UMass,108
2020,2020-W43,2020-10-25,East Carolina,109
2020,2020-W43,2020-10-25,Troy,110
2020,2020-W43,2020-10-25,Louisiana Tech,111
2020,2020-W43,2020-10-25,Tulane,112
2020,2020-W43,2020-10-25,Syracuse,114
2020,2020-W43,2020-10-25,Rice,114
2020,2020-W43,2020-10-25,UTSA,115
2020,2020-W43,2020-10-25,South Alabama,116
2020,2020-W43,2020-10-25,Kansas,117
2020,2020-W43,2020-10-25,Vanderbilt,118
2020,2020-W43,2020-10-25,WKU,119
2020,2020-W43,2020-10-25,UTEP,120
2020,2020-W43,2020-10-25,USF,121
2020,2020-W43,2020-10-25,North Texas,122
2020,2020-W43,2020-10-25,FIU,123
2020,2020-W43,2020-10-25,Southern Miss,124
2020,2020-W43,2020-10-25,Texas St,125
2020,2020-W43,2020-10-25,Middle Tenn,126
2020,2020-W43,2020-10-25,ULM,127
2020,2020-W44,2020-11-01,Alabama,1
2020,2020-W44,2020-11-01,Clemson,2
2020,2020-W44,2020-11-01,Georgia,3
2020,2020-W44,2020-11-01,Cincinnati,4
2020,2020-W44,2020-11-01,Notre Dame,5
2020,2020-W44,2020-11-01,"Miami, Fl",6
2020,2020-W44,2020-11-01,Coastal Carolina,7
2020,2020-W44,2020-11-01,Texas A&M,8
2020,2020-W44,2020-11-01,BYU,9
2020,2020-W44,2020-11-01,Auburn,10
2020,2020-W44,2020-11-01,Florida,11
2020,2020-W44,2020-11-01,Oklahoma St,12
2020,2020-W44,2020-11-01,Virginia Tech,13
2020,2020-W44,2020-11-01,North Carolina,14
2020,2020-W44,2020-11-01,NC State,15
2020,2020-W44,2020-11-01,Marshall,16
2020,2020-W44,2020-11-01,Louisiana,17
2020,2020-W44,2020-11-01,Boston College,19
2020,2020-W44,2020-11-01,SMU,19
2020,2020-W44,2020-11-01,Ohio St,21
2020,2020-W44,2020-11-01,Indiana,21
2020,2020-W44,2020-11-01,UCF,22
2020,2020-W44,2020-11-01,Oklahoma,23
2020,2020-W44,2020-11-01,Purdue,24
2020,2020-W44,2020-11-01,Memphis,25
2020,2020-W44,2020-11-01,Kansas St,26
2020,2020-W44,2020-11-01,West Virginia,27
2020,2020-W44,2020-11-01,Northwestern,28
2020,2020-W44,2020-11-01,Tulsa,29
2020,2020-W44,2020-11-01,Boise St,30
2020,2020-W44,2020-11-01,Arkansas,31
2020,2020-W44,2020-11-01,Texas,32
2020,2020-W44,2020-11-01,Wisconsin,33
2020,2020-W44,2020-11-01,Missouri,34
2020,2020-W44,2020-11-01,Iowa St,35
2020,2020-W44,2020-11-01,Wake Forest,36
2020,2020-W44,2020-11-01,Tennessee,37
2020,2020-W44,2020-11-01,Houston,38
2020,2020-W44,2020-11-01,San Jose St,39
2020,2020-W44,2020-11-01,Kentucky,40
2020,2020-W44,2020-11-01,Oregon,42
2020,2020-W44,2020-11-01,Nevada,42
2020,2020-W44,2020-11-01,San Diego St,43
2020,2020-W44,2020-11-01,USC,44
2020,2020-W44,2020-11-01,Appalachian St,46
2020,2020-W44,2020-11-01,Pittsburgh,46
2020,2020-W44,2020-11-01,Liberty,47
2020,2020-W44,2020-11-01,Washington,48
2020,2020-W44,2020-11-01,Mississippi,49
2020,2020-W44,2020-11-01,California,50
2020,2020-W44,2020-11-01,Michigan,52
2020,2020-W44,2020-11-01,Utah,52
2020,2020-W44,2020-11-01,Oregon St,54
2020,2020-W44,2020-11-01,Buffalo,54
2020,2020-W44,2020-11-01,Virginia,55
2020,2020-W44,2020-11-01,Louisville,59
2020,2020-W44,2020-11-01,Arizona St,59
2020,2020-W44,2020-11-01,Washington St,59
2020,2020-W44,2020-11-01,Ohio,59
2020,2020-W44,2020-11-01,Georgia Southern,60
2020,2020-W44,2020-11-01,Army,61
2020,2020-W44,2020-11-01,FAU,62
2020,2020-W44,2020-11-01,LSU,64
2020,2020-W44,2020-11-01,Stanford,64
2020,2020-W44,2020-11-01,TCU,65
2020,2020-W44,2020-11-01,Navy,66
2020,2020-W44,2020-11-01,Texas Tech,69
2020,2020-W44,2020-11-01,Colorado,69
2020,2020-W44,2020-11-01,Michigan St,69
2020,2020-W44,2020-11-01,Nebraska,72
2020,2020-W44,2020-11-01,South Carolina,72
2020,2020-W44,2020-11-01,Georgia Tech,72
2020,2020-W44,2020-11-01,UCLA,73
2020,2020-W44,2020-11-01,Penn St,75
2020,2020-W44,2020-11-01,Rutgers,75
2020,2020-W44,2020-11-01,Arizona,77
2020,2020-W44,2020-11-01,Kent St,77
2020,2020-W44,2020-11-01,Air Force,78
2020,2020-W44,2020-11-01,Miami (OH),80
2020,2020-W44,2020-11-01,Maryland,80
2020,2020-W44,2020-11-01,Wyoming,82
2020,2020-W44,2020-11-01,Ball St,82
2020,2020-W44,2020-11-01,Iowa,83
2020,2020-W44,2020-11-01,Northern Illinois,84
2020,2020-W44,2020-11-01,Florida St,85
2020,2020-W44,2020-11-01,Duke,86
2020,2020-W44,2020-11-01,Western Michigan,88
2020,2020-W44,2020-11-01,Central Michigan,88
2020,2020-W44,2020-11-01,Toledo,90
2020,2020-W44,2020-11-01,Eastern Michigan,90
2020,2020-W44,2020-11-01,Bowling Green,91
2020,2020-W44,2020-11-01,Akron,92
2020,2020-W44,2020-11-01,Fresno St,93
2020,2020-W44,2020-11-01,Illinois,94
2020,2020-W44,2020-11-01,Georgia St,95
2020,2020-W44,2020-11-01,Hawaii,96
2020,2020-W44,2020-11-01,New Mexico,97
2020,2020-W44,2020-11-01,Minnesota,98
2020,2020-W44,2020-11-01,Louisiana Tech,99
2020,2020-W44,2020-11-01,Mississippi St,100
2020,2020-W44,2020-11-01,Troy,101
2020,2020-W44,2020-11-01,Colorado St,102
2020,2020-W44,2020-11-01,Tulane,103
2020,2020-W44,2020-11-01,UMass,104
2020,2020-W44,2020-11-01,UAB,105
2020,2020-W44,2020-11-01,Utah St,106
2020,2020-W44,2020-11-01,Rice,107
2020,2020-W44,2020-11-01,Arkansas St,108
2020,2020-W44,2020-11-01,East Carolina,109
2020,2020-W44,2020-11-01,UNLV,110
2020,2020-W44,2020-11-01,Baylor,111
2020,2020-W44,2020-11-01,Syracuse,112
2020,2020-W44,2020-11-01,Temple,113
2020,2020-W44,2020-11-01,Charlotte,114
2020,2020-W44,2020-11-01,Kansas,115
2020,2020-W44,2020-11-01,WKU,117
2020,2020-W44,2020-11-01,UTSA,117
2020,2020-W44,2020-11-01,UTEP,118
2020,2020-W44,2020-11-01,South Alabama,119
2020,2020-W44,2020-11-01,Vanderbilt,120
2020,2020-W44,2020-11-01,USF,121
2020,2020-W44,2020-11-01,North Texas,122
2020,2020-W44,2020-11-01,FIU,123
2020,2020-W44,2020-11-01,Texas St,124
2020,2020-W44,2020-11-01,Southern Miss,125
2020,2020-W44,2020-11-01,Middle Tenn,126
2020,2020-W44,2020-11-01,ULM,127
2020,2020-W45,2020-11-08,Alabama,1
2020,2020-W45,2020-11-08,Clemson,2
2020,2020-W45,2020-11-08,Notre Dame,3
2020,2020-W45,2020-11-08,Cincinnati,4
2020,2020-W45,2020-11-08,"Miami, Fl",5
2020,2020-W45,2020-11-08,Georgia,6
2020,2020-W45,2020-11-08,BYU,7
2020,2020-W45,2020-11-08,Florida,8
2020,2020-W45,2020-11-08,Texas A&M,9
2020,2020-W45,2020-11-08,Oklahoma St,10
2020,2020-W45,2020-11-08,Coastal Carolina,11
2020,2020-W45,2020-11-08,Auburn,12
2020,2020-W45,2020-11-08,North Carolina,13
2020,2020-W45,2020-11-08,Indiana,14
2020,2020-W45,2020-11-08,Ohio St,15
2020,2020-W45,2020-11-08,Marshall,16
2020,2020-W45,2020-11-08,Louisiana,17
2020,2020-W45,2020-11-08,Boston College,18
2020,2020-W45,2020-11-08,Texas,20
2020,2020-W45,2020-11-08,SMU,20
2020,2020-W45,2020-11-08,NC State,21
2020,2020-W45,2020-11-08,Arkansas,22
2020,2020-W45,2020-11-08,Virginia Tech,23
2020,2020-W45,2020-11-08,Northwestern,24
2020,2020-W45,2020-11-08,UCF,25
2020,2020-W45,2020-11-08,Oklahoma,26
2020,2020-W45,2020-11-08,San Jose St,27
2020,2020-W45,2020-11-08,Purdue,28
2020,2020-W45,2020-11-08,Liberty,29
2020,2020-W45,2020-11-08,Memphis,30
2020,2020-W45,2020-11-08,Tulsa,31
2020,2020-W45,2020-11-08,Kansas St,32
2020,2020-W45,2020-11-08,Iowa St,33
2020,2020-W45,2020-11-08,Oregon,35
2020,2020-W45,2020-11-08,Boise St,35
2020,2020-W45,2020-11-08,Wisconsin,36
2020,2020-W45,2020-11-08,Missouri,37
2020,2020-W45,2020-11-08,USC,38
2020,2020-W45,2020-11-08,West Virginia,39
2020,2020-W45,2020-11-08,Wake Forest,40
2020,2020-W45,2020-11-08,Houston,41
2020,2020-W45,2020-11-08,Pittsburgh,42
2020,2020-W45,2020-11-08,Washington St,43
2020,2020-W45,2020-11-08,Kentucky,45
2020,2020-W45,2020-11-08,Nevada,45
2020,2020-W45,2020-11-08,Tennessee,46
2020,2020-W45,2020-11-08,TCU,47
2020,2020-W45,2020-11-08,Buffalo,48
2020,2020-W45,2020-11-08,Colorado,49
2020,2020-W45,2020-11-08,Appalachian St,50
2020,2020-W45,2020-11-08,Georgia Southern,51
2020,2020-W45,2020-11-08,Washington,52
2020,2020-W45,2020-11-08,Mississippi,53
2020,2020-W45,2020-11-08,California,54
2020,2020-W45,2020-11-08,Maryland,55
2020,2020-W45,2020-11-08,Utah,56
2020,2020-W45,2020-11-08,Miami (OH),57
2020,2020-W45,2020-11-08,Kent St,58
2020,2020-W45,2020-11-08,Central Michigan,59
2020,2020-W45,2020-11-08,Iowa,60
2020,2020-W45,2020-11-08,FAU,61
2020,2020-W45,2020-11-08,Virginia,62
2020,2020-W45,2020-11-08,Louisville,63
2020,2020-W45,2020-11-08,Army,64
2020,2020-W45,2020-11-08,Michigan,66
2020,2020-W45,2020-11-08,San Diego St,66
2020,2020-W45,2020-11-08,LSU,67
2020,2020-W45,2020-11-08,Navy,68
2020,2020-W45,2020-11-08,Georgia Tech,69
2020,2020-W45,2020-11-08,Western Michigan,70
2020,2020-W45,2020-11-08,Toledo,71
2020,2020-W45,2020-11-08,Arizona,72
2020,2020-W45,2020-11-08,Air Force,73
2020,2020-W45,2020-11-08,South Carolina,74
2020,2020-W45,2020-11-08,Arizona St,76
2020,2020-W45,2020-11-08,Rutgers,76
2020,2020-W45,2020-11-08,Nebraska,77
2020,2020-W45,2020-11-08,Stanford,78
2020,2020-W45,2020-11-08,Oregon St,80
2020,2020-W45,2020-11-08,Fresno St,80
2020,2020-W45,2020-11-08,Hawaii,81
2020,2020-W45,2020-11-08,Duke,82
2020,2020-W45,2020-11-08,Minnesota,83
2020,2020-W45,2020-11-08,Colorado St,85
2020,2020-W45,2020-11-08,Georgia St,85
2020,2020-W45,2020-11-08,Texas Tech,86
2020,2020-W45,2020-11-08,Ohio,87
2020,2020-W45,2020-11-08,UCLA,88
2020,2020-W45,2020-11-08,Florida St,90
2020,2020-W45,2020-11-08,Michigan St,90
2020,2020-W45,2020-11-08,Northern Illinois,91
2020,2020-W45,2020-11-08,Penn St,92
2020,2020-W45,2020-11-08,Mississippi St,93
2020,2020-W45,2020-11-08,Ball St,94
2020,2020-W45,2020-11-08,Louisiana Tech,95
2020,2020-W45,2020-11-08,Tulane,96
2020,2020-W45,2020-11-08,Wyoming,97
2020,2020-W45,2020-11-08,Eastern Michigan,98
2020,2020-W45,2020-11-08,UAB,99
2020,2020-W45,2020-11-08,Bowling Green,101
2020,2020-W45,2020-11-08,Akron,101
2020,2020-W45,2020-11-08,UMass,102
2020,2020-W45,2020-11-08,Rice,103
2020,2020-W45,2020-11-08,Illinois,104
2020,2020-W45,2020-11-08,Troy,105
2020,2020-W45,2020-11-08,New Mexico,106
2020,2020-W45,2020-11-08,Arkansas St,107
2020,2020-W45,2020-11-08,Utah St,108
2020,2020-W45,2020-11-08,Charlotte,109
2020,2020-W45,2020-11-08,Syracuse,110
2020,2020-W45,2020-11-08,Temple,111
2020,2020-W45,2020-11-08,Baylor,112
2020,2020-W45,2020-11-08,UTSA,113
2020,2020-W45,2020-11-08,UTEP,114
2020,2020-W45,2020-11-08,Kansas,115
2020,2020-W45,2020-11-08,UNLV,116
2020,2020-W45,2020-11-08,East Carolina,117
2020,2020-W45,2020-11-08,South Alabama,118
2020,2020-W45,2020-11-08,WKU,119
2020,2020-W45,2020-11-08,USF,120
2020,2020-W45,2020-11-08,North Texas,121
2020,2020-W45,2020-11-08,FIU,122
2020,2020-W45,2020-11-08,Vanderbilt,123
2020,2020-W45,2020-11-08,Southern Miss,124
2020,2020-W45,2020-11-08,Middle Tenn,125
2020,2020-W45,2020-11-08,Texas St,126
2020,2020-W45,2020-11-08,ULM,127
2020,2020-W46,2020-11-15,Notre Dame,1
2020,2020-W46,2020-11-15,Alabama,2
2020,2020-W46,2020-11-15,"Miami, Fl",3
2020,2020-W46,2020-11-15,Clemson,4
2020,2020-W46,2020-11-15,Florida,5
2020,2020-W46,2020-11-15,Cincinnati,6
2020,2020-W46,2020-11-15,Georgia,7
2020,2020-W46,2020-11-15,BYU,8
2020,2020-W46,2020-11-15,North Carolina,9
2020,2020-W46,2020-11-15,Texas A&M,10
2020,2020-W46,2020-11-15,Oklahoma St,11
2020,2020-W46,2020-11-15,Coastal Carolina,12
2020,2020-W46,2020-11-15,Indiana,13
2020,2020-W46,2020-11-15,Auburn,14
2020,2020-W46,2020-11-15,Northwestern,15
2020,2020-W46,2020-11-15,NC State,16
2020,2020-W46,2020-11-15,Ohio St,17
2020,2020-W46,2020-11-15,Louisiana,18
2020,2020-W46,2020-11-15,Marshall,19
2020,2020-W46,2020-11-15,Tulsa,20
2020,2020-W46,2020-11-15,Texas,21
2020,2020-W46,2020-11-15,Boston College,22
2020,2020-W46,2020-11-15,UCF,23
2020,2020-W46,2020-11-15,Arkansas,24
2020,2020-W46,2020-11-15,Oregon,25
2020,2020-W46,2020-11-15,San Jose St,26
2020,2020-W46,2020-11-15,Virginia Tech,27
2020,2020-W46,2020-11-15,West Virginia,28
2020,2020-W46,2020-11-15,SMU,29
2020,2020-W46,2020-11-15,Oklahoma,30
2020,2020-W46,2020-11-15,Wisconsin,31
2020,2020-W46,2020-11-15,USC,32
2020,2020-W46,2020-11-15,Boise St,33
2020,2020-W46,2020-11-15,Liberty,34
2020,2020-W46,2020-11-15,Memphis,35
2020,2020-W46,2020-11-15,Purdue,36
2020,2020-W46,2020-11-15,Kansas St,37
2020,2020-W46,2020-11-15,Iowa St,39
2020,2020-W46,2020-11-15,Buffalo,39
2020,2020-W46,2020-11-15,Missouri,40
2020,2020-W46,2020-11-15,Nevada,41
2020,2020-W46,2020-11-15,Colorado,42
2020,2020-W46,2020-11-15,Houston,43
2020,2020-W46,2020-11-15,Mississippi,44
2020,2020-W46,2020-11-15,Washington,45
2020,2020-W46,2020-11-15,Appalachian St,46
2020,2020-W46,2020-11-15,Wake Forest,47
2020,2020-W46,2020-11-15,Pittsburgh,48
2020,2020-W46,2020-11-15,Kentucky,49
2020,2020-W46,2020-11-15,Virginia,50
2020,2020-W46,2020-11-15,Iowa,51
2020,2020-W46,2020-11-15,Tennessee,52
2020,2020-W46,2020-11-15,Central Michigan,53
2020,2020-W46,2020-11-15,San Diego St,54
2020,2020-W46,2020-11-15,Kent St,55
2020,2020-W46,2020-11-15,Western Michigan,56
2020,2020-W46,2020-11-15,Georgia Southern,57
2020,2020-W46,2020-11-15,Washington St,58
2020,2020-W46,2020-11-15,Maryland,59
2020,2020-W46,2020-11-15,Utah,60
2020,2020-W46,2020-11-15,FAU,61
2020,2020-W46,2020-11-15,TCU,62
2020,2020-W46,2020-11-15,LSU,63
2020,2020-W46,2020-11-15,Nebraska,64
2020,2020-W46,2020-11-15,Navy,65
2020,2020-W46,2020-11-15,Georgia Tech,66
2020,2020-W46,2020-11-15,UCLA,67
2020,2020-W46,2020-11-15,Air Force,68
2020,2020-W46,2020-11-15,Miami (OH),69
2020,2020-W46,2020-11-15,Fresno St,70
2020,2020-W46,2020-11-15,Michigan,71
2020,2020-W46,2020-11-15,Arizona St,72
2020,2020-W46,2020-11-15,Tulane,73
2020,2020-W46,2020-11-15,California,75
2020,2020-W46,2020-11-15,Ohio,75
2020,2020-W46,2020-11-15,Louisville,76
2020,2020-W46,2020-11-15,Arizona,77
2020,2020-W46,2020-11-15,Texas Tech,78
2020,2020-W46,2020-11-15,Duke,79
2020,2020-W46,2020-11-15,Ball St,80
2020,2020-W46,2020-11-15,South Carolina,81
2020,2020-W46,2020-11-15,Toledo,82
2020,2020-W46,2020-11-15,Army,83
2020,2020-W46,2020-11-15,Stanford,84
2020,2020-W46,2020-11-15,Mississippi St,85
2020,2020-W46,2020-11-15,Michigan St,86
2020,2020-W46,2020-11-15,Louisiana Tech,87
2020,2020-W46,2020-11-15,Oregon St,89
2020,2020-W46,2020-11-15,Colorado St,89
2020,2020-W46,2020-11-15,Florida St,91
2020,2020-W46,2020-11-15,Illinois,91
2020,2020-W46,2020-11-15,Minnesota,92
2020,2020-W46,2020-11-15,Hawaii,93
2020,2020-W46,2020-11-15,Wyoming,94
2020,2020-W46,2020-11-15,Georgia St,95
2020,2020-W46,2020-11-15,Rutgers,96
2020,2020-W46,2020-11-15,UAB,97
2020,2020-W46,2020-11-15,UMass,98
2020,2020-W46,2020-11-15,Northern Illinois,99
2020,2020-W46,2020-11-15,Rice,100
2020,2020-W46,2020-11-15,Penn St,101
2020,2020-W46,2020-11-15,Troy,102
2020,2020-W46,2020-11-15,Arkansas St,103
2020,2020-W46,2020-11-15,Bowling Green,104
2020,2020-W46,2020-11-15,Charlotte,105
2020,2020-W46,2020-11-15,Syracuse,106
2020,2020-W46,2020-11-15,Eastern Michigan,107
2020,2020-W46,2020-11-15,New Mexico,108
2020,2020-W46,2020-11-15,Akron,109
2020,2020-W46,2020-11-15,UTSA,110
2020,2020-W46,2020-11-15,Temple,111
2020,2020-W46,2020-11-15,Kansas,112
2020,2020-W46,2020-11-15,Utah St,113
2020,2020-W46,2020-11-15,East Carolina,114
2020,2020-W46,2020-11-15,UNLV,115
2020,2020-W46,2020-11-15,South Alabama,116
2020,2020-W46,2020-11-15,Baylor,117
2020,2020-W46,2020-11-15,WKU,118
2020,2020-W46,2020-11-15,North Texas,119
2020,2020-W46,2020-11-15,USF,120
2020,2020-W46,2020-11-15,UTEP,121
2020,2020-W46,2020-11-15,Vanderbilt,122
2020,2020-W46,2020-11-15,FIU,123
2020,2020-W46,2020-11-15,Middle Tenn,124
2020,2020-W46,2020-11-15,Texas St,125
2020,2020-W46,2020-11-15,Southern Miss,126
2020,2020-W46,2020-11-15,ULM,127
2020,2020-W47,2020-11-22,Alabama,1
2020,2020-W47,2020-11-22,Notre Dame,2
2020,2020-W47,2020-11-22,Cincinnati,3
2020,2020-W47,2020-11-22,"Miami, Fl",4
2020,2020-W47,2020-11-22,Clemson,5
2020,2020-W47,2020-11-22,Florida,6
2020,2020-W47,2020-11-22,Georgia,7
2020,2020-W47,2020-11-22,BYU,9
2020,2020-W47,2020-11-22,Coastal Carolina,9
2020,2020-W47,2020-11-22,Northwestern,10
2020,2020-W47,2020-11-22,Auburn,11
2020,2020-W47,2020-11-22,Ohio St,12
2020,2020-W47,2020-11-22,North Carolina,13
2020,2020-W47,2020-11-22,Texas A&M,14
2020,2020-W47,2020-11-22,NC State,15
2020,2020-W47,2020-11-22,Oklahoma St,16
2020,2020-W47,2020-11-22,Oklahoma,18
2020,2020-W47,2020-11-22,Indiana,18
2020,2020-W47,2020-11-22,Tulsa,19
2020,2020-W47,2020-11-22,Oregon,20
2020,2020-W47,2020-11-22,Louisiana,21
2020,2020-W47,2020-11-22,Marshall,22
2020,2020-W47,2020-11-22,USC,23
2020,2020-W47,2020-11-22,Texas,24
2020,2020-W47,2020-11-22,Iowa St,25
2020,2020-W47,2020-11-22,Boston College,26
2020,2020-W47,2020-11-22,UCF,27
2020,2020-W47,2020-11-22,Boise St,28
2020,2020-W47,2020-11-22,San Jose St,29
2020,2020-W47,2020-11-22,West Virginia,30
2020,2020-W47,2020-11-22,Pittsburgh,32
2020,2020-W47,2020-11-22,SMU,32
2020,2020-W47,2020-11-22,Nevada,33
2020,2020-W47,2020-11-22,Wisconsin,34
2020,2020-W47,2020-11-22,Missouri,35
2020,2020-W47,2020-11-22,Buffalo,36
2020,2020-W47,2020-11-22,Memphis,37
2020,2020-W47,2020-11-22,Washington,38
2020,2020-W47,2020-11-22,Virginia Tech,39
2020,2020-W47,2020-11-22,Liberty,40
2020,2020-W47,2020-11-22,Arkansas,41
2020,2020-W47,2020-11-22,Western Michigan,42
2020,2020-W47,2020-11-22,LSU,43
2020,2020-W47,2020-11-22,Colorado,44
2020,2020-W47,2020-11-22,Houston,45
2020,2020-W47,2020-11-22,Iowa,47
2020,2020-W47,2020-11-22,Mississippi,47
2020,2020-W47,2020-11-22,Kansas St,48
2020,2020-W47,2020-11-22,Wake Forest,49
2020,2020-W47,2020-11-22,Kentucky,50
2020,2020-W47,2020-11-22,Virginia,51
2020,2020-W47,2020-11-22,Appalachian St,52
2020,2020-W47,2020-11-22,Kent St,53
2020,2020-W47,2020-11-22,FAU,54
2020,2020-W47,2020-11-22,Tennessee,55
2020,2020-W47,2020-11-22,Purdue,56
2020,2020-W47,2020-11-22,Washington St,57
2020,2020-W47,2020-11-22,Maryland,58
2020,2020-W47,2020-11-22,TCU,59
2020,2020-W47,2020-11-22,San Diego St,60
2020,2020-W47,2020-11-22,Air Force,61
2020,2020-W47,2020-11-22,Central Michigan,62
2020,2020-W47,2020-11-22,Michigan,63
2020,2020-W47,2020-11-22,Navy,64
2020,2020-W47,2020-11-22,Utah,65
2020,2020-W47,2020-11-22,Georgia Tech,66
2020,2020-W47,2020-11-22,Army,67
2020,2020-W47,2020-11-22,Miami (OH),68
2020,2020-W47,2020-11-22,Fresno St,69
2020,2020-W47,2020-11-22,Minnesota,70
2020,2020-W47,2020-11-22,Louisville,71
2020,2020-W47,2020-11-22,Arizona St,72
2020,2020-W47,2020-11-22,UCLA,73
2020,2020-W47,2020-11-22,Georgia Southern,74
2020,2020-W47,2020-11-22,Ball St,75
2020,2020-W47,2020-11-22,Illinois,76
2020,2020-W47,2020-11-22,Ohio,77
2020,2020-W47,2020-11-22,Oregon St,78
2020,2020-W47,2020-11-22,Texas Tech,79
2020,2020-W47,2020-11-22,Duke,80
2020,2020-W47,2020-11-22,Toledo,81
2020,2020-W47,2020-11-22,Tulane,82
2020,2020-W47,2020-11-22,Nebraska,83
2020,2020-W47,2020-11-22,Stanford,84
2020,2020-W47,2020-11-22,Arizona,85
2020,2020-W47,2020-11-22,Michigan St,86
2020,2020-W47,2020-11-22,Louisiana Tech,87
2020,2020-W47,2020-11-22,Colorado St,88
2020,2020-W47,2020-11-22,Mississippi St,89
2020,2020-W47,2020-11-22,Florida St,91
2020,2020-W47,2020-11-22,Georgia St,91
2020,2020-W47,2020-11-22,South Carolina,92
2020,2020-W47,2020-11-22,Wyoming,93
2020,2020-W47,2020-11-22,California,94
2020,2020-W47,2020-11-22,UAB,95
2020,2020-W47,2020-11-22,Hawaii,96
2020,2020-W47,2020-11-22,Rutgers,97
2020,2020-W47,2020-11-22,UMass,98
2020,2020-W47,2020-11-22,Charlotte,99
2020,2020-W47,2020-11-22,Penn St,100
2020,2020-W47,2020-11-22,Northern Illinois,101
2020,2020-W47,2020-11-22,UTSA,102
2020,2020-W47,2020-11-22,Bowling Green,103
2020,2020-W47,2020-11-22,East Carolina,104
2020,2020-W47,2020-11-22,Kansas,105
2020,2020-W47,2020-11-22,Utah St,106
2020,2020-W47,2020-11-22,Rice,107
2020,2020-W47,2020-11-22,Akron,108
2020,2020-W47,2020-11-22,Syracuse,109
2020,2020-W47,2020-11-22,UNLV,110
2020,2020-W47,2020-11-22,Troy,111
2020,2020-W47,2020-11-22,New Mexico,112
2020,2020-W47,2020-11-22,Eastern Michigan,113
2020,2020-W47,2020-11-22,WKU,114
2020,2020-W47,2020-11-22,Arkansas St,115
2020,2020-W47,2020-11-22,Baylor,116
2020,2020-W47,2020-11-22,North Texas,117
2020,2020-W47,2020-11-22,Temple,118
2020,2020-W47,2020-11-22,USF,119
2020,2020-W47,2020-11-22,UTEP,120
2020,2020-W47,2020-11-22,South Alabama,121
2020,2020-W47,2020-11-22,Vanderbilt,122
2020,2020-W47,2020-11-22,Middle Tenn,123
2020,2020-W47,2020-11-22,FIU,124
2020,2020-W47,2020-11-22,Texas St,125
2020,2020-W47,2020-11-22,ULM,126
2020,2020-W47,2020-11-22,Southern Miss,127
2020,2020-W48,2020-11-29,Alabama,1
2020,2020-W48,2020-11-29,Notre Dame,2
2020,2020-W48,2020-11-29,Clemson,3
2020,2020-W48,2020-11-29,Cincinnati,4
2020,2020-W48,2020-11-29,Florida,5
2020,2020-W48,2020-11-29,"Miami, Fl",6
2020,2020-W48,2020-11-29,Georgia,7
2020,2020-W48,2020-11-29,Texas A&M,8
2020,2020-W48,2020-11-29,Coastal Carolina,9
2020,2020-W48,2020-11-29,BYU,10
2020,2020-W48,2020-11-29,Auburn,12
2020,2020-W48,2020-11-29,Oklahoma St,12
2020,2020-W48,2020-11-29,NC State,13
2020,2020-W48,2020-11-29,Ohio St,14
2020,2020-W48,2020-11-29,Indiana,15
2020,2020-W48,2020-11-29,North Carolina,16
2020,2020-W48,2020-11-29,Iowa St,17
2020,2020-W48,2020-11-29,Northwestern,18
2020,2020-W48,2020-11-29,Oklahoma,19
2020,2020-W48,2020-11-29,Tulsa,20
2020,2020-W48,2020-11-29,Boston College,21
2020,2020-W48,2020-11-29,Louisiana,22
2020,2020-W48,2020-11-29,Marshall,23
2020,2020-W48,2020-11-29,USC,24
2020,2020-W48,2020-11-29,Buffalo,25
2020,2020-W48,2020-11-29,Memphis,26
2020,2020-W48,2020-11-29,UCF,27
2020,2020-W48,2020-11-29,Washington,28
2020,2020-W48,2020-11-29,Texas,29
2020,2020-W48,2020-11-29,Boise St,30
2020,2020-W48,2020-11-29,San Jose St,31
2020,2020-W48,2020-11-29,West Virginia,32
2020,2020-W48,2020-11-29,Pittsburgh,33
2020,2020-W48,2020-11-29,Oregon,34
2020,2020-W48,2020-11-29,Liberty,35
2020,2020-W48,2020-11-29,Colorado,36
2020,2020-W48,2020-11-29,Missouri,37
2020,2020-W48,2020-11-29,Wisconsin,38
2020,2020-W48,2020-11-29,Western Michigan,39
2020,2020-W48,2020-11-29,Iowa,41
2020,2020-W48,2020-11-29,Virginia Tech,41
2020,2020-W48,2020-11-29,Arkansas,42
2020,2020-W48,2020-11-29,Mississippi,43
2020,2020-W48,2020-11-29,Houston,44
2020,2020-W48,2020-11-29,Appalachian St,45
2020,2020-W48,2020-11-29,LSU,46
2020,2020-W48,2020-11-29,Wake Forest,47
2020,2020-W48,2020-11-29,SMU,48
2020,2020-W48,2020-11-29,Nevada,49
2020,2020-W48,2020-11-29,Virginia,50
2020,2020-W48,2020-11-29,Kentucky,51
2020,2020-W48,2020-11-29,Oregon St,52
2020,2020-W48,2020-11-29,FAU,53
2020,2020-W48,2020-11-29,Tennessee,54
2020,2020-W48,2020-11-29,TCU,55
2020,2020-W48,2020-11-29,Washington St,57
2020,2020-W48,2020-11-29,Georgia Tech,57
2020,2020-W48,2020-11-29,Kent St,58
2020,2020-W48,2020-11-29,Central Michigan,59
2020,2020-W48,2020-11-29,Michigan St,60
2020,2020-W48,2020-11-29,Maryland,61
2020,2020-W48,2020-11-29,UCLA,62
2020,2020-W48,2020-11-29,Air Force,63
2020,2020-W48,2020-11-29,Ball St,64
2020,2020-W48,2020-11-29,Miami (OH),65
2020,2020-W48,2020-11-29,Army,66
2020,2020-W48,2020-11-29,Kansas St,67
2020,2020-W48,2020-11-29,Ohio,68
2020,2020-W48,2020-11-29,Fresno St,69
2020,2020-W48,2020-11-29,Minnesota,70
2020,2020-W48,2020-11-29,San Diego St,71
2020,2020-W48,2020-11-29,Arizona St,72
2020,2020-W48,2020-11-29,Navy,73
2020,2020-W48,2020-11-29,Utah,74
2020,2020-W48,2020-11-29,Illinois,75
2020,2020-W48,2020-11-29,Louisville,76
2020,2020-W48,2020-11-29,Purdue,77
2020,2020-W48,2020-11-29,Georgia St,78
2020,2020-W48,2020-11-29,Hawaii,79
2020,2020-W48,2020-11-29,Stanford,80
2020,2020-W48,2020-11-29,Tulane,81
2020,2020-W48,2020-11-29,Texas Tech,82
2020,2020-W48,2020-11-29,Michigan,83
2020,2020-W48,2020-11-29,Wyoming,84
2020,2020-W48,2020-11-29,Louisiana Tech,85
2020,2020-W48,2020-11-29,Colorado St,86
2020,2020-W48,2020-11-29,Florida St,87
2020,2020-W48,2020-11-29,Duke,88
2020,2020-W48,2020-11-29,South Carolina,89
2020,2020-W48,2020-11-29,Georgia Southern,90
2020,2020-W48,2020-11-29,Rutgers,92
2020,2020-W48,2020-11-29,Toledo,92
2020,2020-W48,2020-11-29,Nebraska,93
2020,2020-W48,2020-11-29,UAB,94
2020,2020-W48,2020-11-29,Mississippi St,95
2020,2020-W48,2020-11-29,Penn St,96
2020,2020-W48,2020-11-29,East Carolina,97
2020,2020-W48,2020-11-29,Arizona,98
2020,2020-W48,2020-11-29,Charlotte,99
2020,2020-W48,2020-11-29,California,100
2020,2020-W48,2020-11-29,UTSA,101
2020,2020-W48,2020-11-29,Baylor,102
2020,2020-W48,2020-11-29,UMass,103
2020,2020-W48,2020-11-29,Utah St,104
2020,2020-W48,2020-11-29,Northern Illinois,105
2020,2020-W48,2020-11-29,Rice,106
2020,2020-W48,2020-11-29,WKU,108
2020,2020-W48,2020-11-29,Syracuse,108
2020,2020-W48,2020-11-29,Bowling Green,109
2020,2020-W48,2020-11-29,Kansas,110
2020,2020-W48,2020-11-29,Troy,111
2020,2020-W48,2020-11-29,Temple,113
2020,2020-W48,2020-11-29,Akron,113
2020,2020-W48,2020-11-29,Eastern Michigan,114
2020,2020-W48,2020-11-29,UTEP,115
2020,2020-W48,2020-11-29,South Alabama,116
2020,2020-W48,2020-11-29,UNLV,117
2020,2020-W48,2020-11-29,USF,118
2020,2020-W48,2020-11-29,New Mexico,119
2020,2020-W48,2020-11-29,North Texas,120
2020,2020-W48,2020-11-29,Arkansas St,121
2020,2020-W48,2020-11-29,Vanderbilt,122
2020,2020-W48,2020-11-29,Middle Tenn,123
2020,2020-W48,2020-11-29,FIU,124
2020,2020-W48,2020-11-29,Texas St,125
2020,2020-W48,2020-11-29,Southern Miss,126
2020,2020-W48,2020-11-29,ULM,127
2020,2020-W49,2020-12-06,Alabama,1
2020,2020-W49,2020-12-06,Notre Dame,2
2020,2020-W49,2020-12-06,Clemson,3
2020,2020-W49,2020-12-06,Florida,4
2020,2020-W49,2020-12-06,Cincinnati,5
2020,2020-W49,2020-12-06,"Miami, Fl",6
2020,2020-W49,2020-12-06,Texas A&M,7
2020,2020-W49,2020-12-06,Coastal Carolina,8
2020,2020-W49,2020-12-06,Georgia,9
2020,2020-W49,2020-12-06,Indiana,10
2020,2020-W49,2020-12-06,NC State,11
2020,2020-W49,2020-12-06,Ohio St,12
2020,2020-W49,2020-12-06,Iowa St,13
2020,2020-W49,2020-12-06,BYU,14
2020,2020-W49,2020-12-06,North Carolina,15
2020,2020-W49,2020-12-06,Auburn,16
2020,2020-W49,2020-12-06,Tulsa,17
2020,2020-W49,2020-12-06,Louisiana,18
2020,2020-W49,2020-12-06,Oklahoma,19
2020,2020-W49,2020-12-06,Oklahoma St,20
2020,2020-W49,2020-12-06,Northwestern,21
2020,2020-W49,2020-12-06,Texas,22
2020,2020-W49,2020-12-06,Missouri,23
2020,2020-W49,2020-12-06,San Jose St,24
2020,2020-W49,2020-12-06,USC,25
2020,2020-W49,2020-12-06,Buffalo,26
2020,2020-W49,2020-12-06,Boston College,27
2020,2020-W49,2020-12-06,UCF,28
2020,2020-W49,2020-12-06,Colorado,29
2020,2020-W49,2020-12-06,Boise St,30
2020,2020-W49,2020-12-06,Iowa,31
2020,2020-W49,2020-12-06,Virginia,32
2020,2020-W49,2020-12-06,Pittsburgh,33
2020,2020-W49,2020-12-06,West Virginia,34
2020,2020-W49,2020-12-06,Liberty,35
2020,2020-W49,2020-12-06,TCU,36
2020,2020-W49,2020-12-06,Wisconsin,37
2020,2020-W49,2020-12-06,Marshall,38
2020,2020-W49,2020-12-06,Nevada,39
2020,2020-W49,2020-12-06,Virginia Tech,41
2020,2020-W49,2020-12-06,Memphis,41
2020,2020-W49,2020-12-06,Mississippi,42
2020,2020-W49,2020-12-06,Washington,43
2020,2020-W49,2020-12-06,Kentucky,44
2020,2020-W49,2020-12-06,Arkansas,45
2020,2020-W49,2020-12-06,Houston,46
2020,2020-W49,2020-12-06,LSU,47
2020,2020-W49,2020-12-06,Wake Forest,48
2020,2020-W49,2020-12-06,SMU,49
2020,2020-W49,2020-12-06,Oregon,50
2020,2020-W49,2020-12-06,Appalachian St,51
2020,2020-W49,2020-12-06,Ball St,52
2020,2020-W49,2020-12-06,UCLA,53
2020,2020-W49,2020-12-06,Tennessee,54
2020,2020-W49,2020-12-06,Washington St,55
2020,2020-W49,2020-12-06,Stanford,56
2020,2020-W49,2020-12-06,Western Michigan,57
2020,2020-W49,2020-12-06,Tulane,58
2020,2020-W49,2020-12-06,Kent St,59
2020,2020-W49,2020-12-06,Utah,61
2020,2020-W49,2020-12-06,Air Force,61
2020,2020-W49,2020-12-06,Georgia Tech,62
2020,2020-W49,2020-12-06,Maryland,63
2020,2020-W49,2020-12-06,San Diego St,64
2020,2020-W49,2020-12-06,Michigan St,65
2020,2020-W49,2020-12-06,Miami (OH),66
2020,2020-W49,2020-12-06,Army,67
2020,2020-W49,2020-12-06,Oregon St,68
2020,2020-W49,2020-12-06,Ohio,69
2020,2020-W49,2020-12-06,Minnesota,70
2020,2020-W49,2020-12-06,FAU,71
2020,2020-W49,2020-12-06,Central Michigan,72
2020,2020-W49,2020-12-06,Kansas St,73
2020,2020-W49,2020-12-06,Louisville,74
2020,2020-W49,2020-12-06,Texas Tech,75
2020,2020-W49,2020-12-06,Georgia St,76
2020,2020-W49,2020-12-06,Georgia Southern,77
2020,2020-W49,2020-12-06,Navy,78
2020,2020-W49,2020-12-06,Fresno St,79
2020,2020-W49,2020-12-06,Nebraska,80
2020,2020-W49,2020-12-06,Illinois,81
2020,2020-W49,2020-12-06,Hawaii,82
2020,2020-W49,2020-12-06,Louisiana Tech,83
2020,2020-W49,2020-12-06,Michigan,85
2020,2020-W49,2020-12-06,Arizona St,85
2020,2020-W49,2020-12-06,Florida St,87
2020,2020-W49,2020-12-06,Toledo,87
2020,2020-W49,2020-12-06,Penn St,88
2020,2020-W49,2020-12-06,California,89
2020,2020-W49,2020-12-06,Duke,90
2020,2020-W49,2020-12-06,UAB,91
2020,2020-W49,2020-12-06,Purdue,92
2020,2020-W49,2020-12-06,Mississippi St,93
2020,2020-W49,2020-12-06,East Carolina,94
2020,2020-W49,2020-12-06,Rice,95
2020,2020-W49,2020-12-06,South Carolina,97
2020,2020-W49,2020-12-06,Colorado St,97
2020,2020-W49,2020-12-06,Arizona,98
2020,2020-W49,2020-12-06,Wyoming,99
2020,2020-W49,2020-12-06,UTSA,100
2020,2020-W49,2020-12-06,Rutgers,101
2020,2020-W49,2020-12-06,UMass,102
2020,2020-W49,2020-12-06,Baylor,103
2020,2020-W49,2020-12-06,Eastern Michigan,104
2020,2020-W49,2020-12-06,WKU,105
2020,2020-W49,2020-12-06,Syracuse,106
2020,2020-W49,2020-12-06,Charlotte,107
2020,2020-W49,2020-12-06,Utah St,108
2020,2020-W49,2020-12-06,Troy,109
2020,2020-W49,2020-12-06,Akron,110
2020,2020-W49,2020-12-06,Temple,111
2020,2020-W49,2020-12-06,New Mexico,112
2020,2020-W49,2020-12-06,Northern Illinois,113
2020,2020-W49,2020-12-06,UTEP,114
2020,2020-W49,2020-12-06,UNLV,115
2020,2020-W49,2020-12-06,USF,116
2020,2020-W49,2020-12-06,Kansas,117
2020,2020-W49,2020-12-06,Arkansas St,118
2020,2020-W49,2020-12-06,Bowling Green,119
2020,2020-W49,2020-12-06,Vanderbilt,120
2020,2020-W49,2020-12-06,South Alabama,121
2020,2020-W49,2020-12-06,Middle Tenn,122
2020,2020-W49,2020-12-06,North Texas,123
2020,2020-W49,2020-12-06,FIU,124
2020,2020-W49,2020-12-06,Texas St,125
2020,2020-W49,2020-12-06,Southern Miss,126
2020,2020-W49,2020-12-06,ULM,127
2020,2020-W50,2020-12-13,Alabama,1
2020,2020-W50,2020-12-13,Notre Dame,2
2020,2020-W50,2020-12-13,Clemson,3
2020,2020-W50,2020-12-13,Florida,4
2020,2020-W50,2020-12-13,Cincinnati,5
2020,2020-W50,2020-12-13,Georgia,6
2020,2020-W50,2020-12-13,"Miami, Fl",7
2020,2020-W50,2020-12-13,Texas A&M,8
2020,2020-W50,2020-12-13,Coastal Carolina,9
2020,2020-W50,2020-12-13,North Carolina,10
2020,2020-W50,2020-12-13,BYU,11
2020,2020-W50,2020-12-13,Indiana,12
2020,2020-W50,2020-12-13,NC State,13
2020,2020-W50,2020-12-13,Ohio St,14
2020,2020-W50,2020-12-13,Iowa St,15
2020,2020-W50,2020-12-13,Auburn,16
2020,2020-W50,2020-12-13,USC,17
2020,2020-W50,2020-12-13,Northwestern,19
2020,2020-W50,2020-12-13,Tulsa,19
2020,2020-W50,2020-12-13,Oklahoma St,20
2020,2020-W50,2020-12-13,Louisiana,21
2020,2020-W50,2020-12-13,San Jose St,22
2020,2020-W50,2020-12-13,Oklahoma,23
2020,2020-W50,2020-12-13,Iowa,24
2020,2020-W50,2020-12-13,Texas,25
2020,2020-W50,2020-12-13,Pittsburgh,26
2020,2020-W50,2020-12-13,Buffalo,27
2020,2020-W50,2020-12-13,Missouri,28
2020,2020-W50,2020-12-13,Virginia Tech,29
2020,2020-W50,2020-12-13,Boston College,30
2020,2020-W50,2020-12-13,Boise St,31
2020,2020-W50,2020-12-13,Memphis,32
2020,2020-W50,2020-12-13,LSU,33
2020,2020-W50,2020-12-13,UCF,34
2020,2020-W50,2020-12-13,TCU,35
2020,2020-W50,2020-12-13,West Virginia,36
2020,2020-W50,2020-12-13,Liberty,37
2020,2020-W50,2020-12-13,Virginia,38
2020,2020-W50,2020-12-13,Ball St,39
2020,2020-W50,2020-12-13,Marshall,40
2020,2020-W50,2020-12-13,Colorado,41
2020,2020-W50,2020-12-13,Mississippi,42
2020,2020-W50,2020-12-13,Utah,43
2020,2020-W50,2020-12-13,Appalachian St,44
2020,2020-W50,2020-12-13,Washington,45
2020,2020-W50,2020-12-13,Wisconsin,46
2020,2020-W50,2020-12-13,Nevada,47
2020,2020-W50,2020-12-13,Kentucky,48
2020,2020-W50,2020-12-13,Arkansas,49
2020,2020-W50,2020-12-13,Stanford,50
2020,2020-W50,2020-12-13,SMU,51
2020,2020-W50,2020-12-13,Oregon,52
2020,2020-W50,2020-12-13,Houston,53
2020,2020-W50,2020-12-13,Tennessee,54
2020,2020-W50,2020-12-13,UCLA,55
2020,2020-W50,2020-12-13,Army,56
2020,2020-W50,2020-12-13,Tulane,57
2020,2020-W50,2020-12-13,Kent St,58
2020,2020-W50,2020-12-13,Air Force,59
2020,2020-W50,2020-12-13,Louisville,60
2020,2020-W50,2020-12-13,Minnesota,61
2020,2020-W50,2020-12-13,Washington St,62
2020,2020-W50,2020-12-13,Wake Forest,63
2020,2020-W50,2020-12-13,Miami (OH),64
2020,2020-W50,2020-12-13,Georgia Tech,65
2020,2020-W50,2020-12-13,San Diego St,66
2020,2020-W50,2020-12-13,Western Michigan,67
2020,2020-W50,2020-12-13,Ohio,68
2020,2020-W50,2020-12-13,Kansas St,69
2020,2020-W50,2020-12-13,Texas Tech,71
2020,2020-W50,2020-12-13,Toledo,71
2020,2020-W50,2020-12-13,Georgia St,72
2020,2020-W50,2020-12-13,Penn St,73
2020,2020-W50,2020-12-13,Arizona St,74
2020,2020-W50,2020-12-13,Florida St,75
2020,2020-W50,2020-12-13,Oregon St,77
2020,2020-W50,2020-12-13,Hawaii,77
2020,2020-W50,2020-12-13,Michigan St,78
2020,2020-W50,2020-12-13,Maryland,79
2020,2020-W50,2020-12-13,Michigan,80
2020,2020-W50,2020-12-13,Georgia Southern,81
2020,2020-W50,2020-12-13,Illinois,82
2020,2020-W50,2020-12-13,UAB,83
2020,2020-W50,2020-12-13,Navy,84
2020,2020-W50,2020-12-13,California,85
2020,2020-W50,2020-12-13,Central Michigan,86
2020,2020-W50,2020-12-13,Louisiana Tech,87
2020,2020-W50,2020-12-13,Purdue,88
2020,2020-W50,2020-12-13,Nebraska,89
2020,2020-W50,2020-12-13,FAU,90
2020,2020-W50,2020-12-13,Rutgers,91
2020,2020-W50,2020-12-13,East Carolina,92
2020,2020-W50,2020-12-13,Mississippi St,93
2020,2020-W50,2020-12-13,South Carolina,95
2020,2020-W50,2020-12-13,Colorado St,95
2020,2020-W50,2020-12-13,Fresno St,96
2020,2020-W50,2020-12-13,Duke,97
2020,2020-W50,2020-12-13,UTSA,98
2020,2020-W50,2020-12-13,Wyoming,99
2020,2020-W50,2020-12-13,UMass,100
2020,2020-W50,2020-12-13,Eastern Michigan,101
2020,2020-W50,2020-12-13,Rice,102
2020,2020-W50,2020-12-13,Baylor,103
2020,2020-W50,2020-12-13,WKU,104
2020,2020-W50,2020-12-13,Arizona,105
2020,2020-W50,2020-12-13,Syracuse,107
2020,2020-W50,2020-12-13,New Mexico,107
2020,2020-W50,2020-12-13,Charlotte,108
2020,2020-W50,2020-12-13,Utah St,109
2020,2020-W50,2020-12-13,Troy,110
2020,2020-W50,2020-12-13,Temple,111
2020,2020-W50,2020-12-13,Akron,112
2020,2020-W50,2020-12-13,USF,113
2020,2020-W50,2020-12-13,Kansas,114
2020,2020-W50,2020-12-13,Arkansas St,115
2020,2020-W50,2020-12-13,Bowling Green,116
2020,2020-W50,2020-12-13,UNLV,117
2020,2020-W50,2020-12-13,Northern Illinois,118
2020,2020-W50,2020-12-13,South Alabama,120
2020,2020-W50,2020-12-13,UTEP,120
2020,2020-W50,2020-12-13,Middle Tenn,121
2020,2020-W50,2020-12-13,North Texas,122
2020,2020-W50,2020-12-13,Vanderbilt,123
2020,2020-W50,2020-12-13,FIU,124
2020,2020-W50,2020-12-13,Texas St,125
2020,2020-W50,2020-12-13,Southern Miss,126
2020,2020-W50,2020-12-13,ULM,127
2020,2020-W51,2020-12-20,Alabama,1
2020,2020-W51,2020-12-20,Clemson,2
2020,2020-W51,2020-12-20,Notre Dame,3
2020,2020-W51,2020-12-20,Cincinnati,4
2020,2020-W51,2020-12-20,Texas A&M,5
2020,2020-W51,2020-12-20,Florida,6
2020,2020-W51,2020-12-20,Georgia,7
2020,2020-W51,2020-12-20,"Miami, Fl",8
2020,2020-W51,2020-12-20,Ohio St,9
2020,2020-W51,2020-12-20,Coastal Carolina,10
2020,2020-W51,2020-12-20,North Carolina,11
2020,2020-W51,2020-12-20,BYU,12
2020,2020-W51,2020-12-20,Indiana,13
2020,2020-W51,2020-12-20,NC State,14
2020,2020-W51,2020-12-20,Oklahoma,15
2020,2020-W51,2020-12-20,San Jose St,16
2020,2020-W51,2020-12-20,Auburn,17
2020,2020-W51,2020-12-20,Iowa St,18
2020,2020-W51,2020-12-20,Tulsa,19
2020,2020-W51,2020-12-20,Oklahoma St,20
2020,2020-W51,2020-12-20,Northwestern,21
2020,2020-W51,2020-12-20,USC,22
2020,2020-W51,2020-12-20,Louisiana,23
2020,2020-W51,2020-12-20,LSU,24
2020,2020-W51,2020-12-20,Iowa,25
2020,2020-W51,2020-12-20,Texas,26
2020,2020-W51,2020-12-20,Pittsburgh,27
2020,2020-W51,2020-12-20,Ball St,28
2020,2020-W51,2020-12-20,Virginia Tech,29
2020,2020-W51,2020-12-20,Boston College,30
2020,2020-W51,2020-12-20,Memphis,31
2020,2020-W51,2020-12-20,UCF,32
2020,2020-W51,2020-12-20,Buffalo,33
2020,2020-W51,2020-12-20,TCU,34
2020,2020-W51,2020-12-20,Boise St,35
2020,2020-W51,2020-12-20,Utah,36
2020,2020-W51,2020-12-20,Oregon,37
2020,2020-W51,2020-12-20,Wisconsin,38
2020,2020-W51,2020-12-20,West Virginia,40
2020,2020-W51,2020-12-20,Stanford,40
2020,2020-W51,2020-12-20,Liberty,41
2020,2020-W51,2020-12-20,Missouri,42
2020,2020-W51,2020-12-20,Virginia,43
2020,2020-W51,2020-12-20,Colorado,44
2020,2020-W51,2020-12-20,Appalachian St,45
2020,2020-W51,2020-12-20,Washington,46
2020,2020-W51,2020-12-20,Nevada,47
2020,2020-W51,2020-12-20,Kentucky,48
2020,2020-W51,2020-12-20,Army,49
2020,2020-W51,2020-12-20,Mississippi,50
2020,2020-W51,2020-12-20,Arkansas,51
2020,2020-W51,2020-12-20,SMU,52
2020,2020-W51,2020-12-20,Houston,54
2020,2020-W51,2020-12-20,Marshall,54
2020,2020-W51,2020-12-20,Tennessee,55
2020,2020-W51,2020-12-20,Tulane,56
2020,2020-W51,2020-12-20,Kent St,57
2020,2020-W51,2020-12-20,Louisville,58
2020,2020-W51,2020-12-20,Wake Forest,59
2020,2020-W51,2020-12-20,Miami (OH),60
2020,2020-W51,2020-12-20,Georgia Tech,61
2020,2020-W51,2020-12-20,San Diego St,62
2020,2020-W51,2020-12-20,UCLA,63
2020,2020-W51,2020-12-20,Penn St,64
2020,2020-W51,2020-12-20,Western Michigan,65
2020,2020-W51,2020-12-20,Arizona St,66
2020,2020-W51,2020-12-20,Minnesota,68
2020,2020-W51,2020-12-20,UAB,68
2020,2020-W51,2020-12-20,Air Force,70
2020,2020-W51,2020-12-20,Ohio,70
2020,2020-W51,2020-12-20,Washington St,71
2020,2020-W51,2020-12-20,Kansas St,72
2020,2020-W51,2020-12-20,Texas Tech,74
2020,2020-W51,2020-12-20,Toledo,74
2020,2020-W51,2020-12-20,Georgia St,75
2020,2020-W51,2020-12-20,Florida St,77
2020,2020-W51,2020-12-20,Mississippi St,77
2020,2020-W51,2020-12-20,Hawaii,78
2020,2020-W51,2020-12-20,Michigan St,79
2020,2020-W51,2020-12-20,Maryland,80
2020,2020-W51,2020-12-20,Michigan,81
2020,2020-W51,2020-12-20,Georgia Southern,82
2020,2020-W51,2020-12-20,Nebraska,83
2020,2020-W51,2020-12-20,Navy,84
2020,2020-W51,2020-12-20,California,85
2020,2020-W51,2020-12-20,Central Michigan,86
2020,2020-W51,2020-12-20,Louisiana Tech,87
2020,2020-W51,2020-12-20,Purdue,88
2020,2020-W51,2020-12-20,Oregon St,89
2020,2020-W51,2020-12-20,FAU,90
2020,2020-W51,2020-12-20,East Carolina,91
2020,2020-W51,2020-12-20,South Carolina,93
2020,2020-W51,2020-12-20,Colorado St,93
2020,2020-W51,2020-12-20,Illinois,94
2020,2020-W51,2020-12-20,Fresno St,95
2020,2020-W51,2020-12-20,Duke,96
2020,2020-W51,2020-12-20,UTSA,97
2020,2020-W51,2020-12-20,Wyoming,98
2020,2020-W51,2020-12-20,UMass,99
2020,2020-W51,2020-12-20,Rutgers,100
2020,2020-W51,2020-12-20,Eastern Michigan,101
2020,2020-W51,2020-12-20,Rice,102
2020,2020-W51,2020-12-20,Baylor,103
2020,2020-W51,2020-12-20,WKU,104
2020,2020-W51,2020-12-20,Arizona,105
2020,2020-W51,2020-12-20,Syracuse,107
2020,2020-W51,2020-12-20,New Mexico,107
2020,2020-W51,2020-12-20,Charlotte,108
2020,2020-W51,2020-12-20,Utah St,109
2020,2020-W51,2020-12-20,Troy,110
2020,2020-W51,2020-12-20,Temple,111
2020,2020-W51,2020-12-20,Akron,112
2020,2020-W51,2020-12-20,USF,113
2020,2020-W51,2020-12-20,Kansas,114
2020,2020-W51,2020-12-20,Arkansas St,115
2020,2020-W51,2020-12-20,Bowling Green,116
2020,2020-W51,2020-12-20,UNLV,117
2020,2020-W51,2020-12-20,Northern Illinois,118
2020,2020-W51,2020-12-20,South Alabama,120
2020,2020-W51,2020-12-20,UTEP,120
2020,2020-W51,2020-12-20,Middle Tenn,121
2020,2020-W51,2020-12-20,North Texas,122
2020,2020-W51,2020-12-20,Vanderbilt,123
2020,2020-W51,2020-12-20,FIU,124
2020,2020-W51,2020-12-20,Texas St,125
2020,2020-W51,2020-12-20,Southern Miss,126
2020,2020-W51,2020-12-20,ULM,127
2020,2020-W52,2020-12-27,Alabama,1
2020,2020-W52,2020-12-27,Clemson,2
2020,2020-W52,2020-12-27,Notre Dame,3
2020,2020-W52,2020-12-27,Cincinnati,4
2020,2020-W52,2020-12-27,Texas A&M,5
2020,2020-W52,2020-12-27,Florida,6
2020,2020-W52,2020-12-27,Georgia,7
2020,2020-W52,2020-12-27,"Miami, Fl",8
2020,2020-W52,2020-12-27,BYU,9
2020,2020-W52,2020-12-27,Ohio St,10
2020,2020-W52,2020-12-27,Coastal Carolina,11
2020,2020-W52,2020-12-27,North Carolina,12
2020,2020-W52,2020-12-27,Indiana,13
2020,2020-W52,2020-12-27,NC State,14
2020,2020-W52,2020-12-27,Oklahoma,15
2020,2020-W52,2020-12-27,San Jose St,16
2020,2020-W52,2020-12-27,Auburn,17
2020,2020-W52,2020-12-27,Iowa St,18
2020,2020-W52,2020-12-27,Louisiana,19
2020,2020-W52,2020-12-27,Tulsa,20
2020,2020-W52,2020-12-27,Oklahoma St,21
2020,2020-W52,2020-12-27,Northwestern,22
2020,2020-W52,2020-12-27,USC,23
2020,2020-W52,2020-12-27,LSU,24
2020,2020-W52,2020-12-27,Liberty,25
2020,2020-W52,2020-12-27,Iowa,26
2020,2020-W52,2020-12-27,Buffalo,27
2020,2020-W52,2020-12-27,Texas,29
2020,2020-W52,2020-12-27,Memphis,29
2020,2020-W52,2020-12-27,Pittsburgh,30
2020,2020-W52,2020-12-27,Ball St,31
2020,2020-W52,2020-12-27,Virginia Tech,32
2020,2020-W52,2020-12-27,Boston College,33
2020,2020-W52,2020-12-27,TCU,34
2020,2020-W52,2020-12-27,Boise St,35
2020,2020-W52,2020-12-27,UCF,36
2020,2020-W52,2020-12-27,Utah,37
2020,2020-W52,2020-12-27,Oregon,38
2020,2020-W52,2020-12-27,Nevada,39
2020,2020-W52,2020-12-27,Wisconsin,40
2020,2020-W52,2020-12-27,West Virginia,42
2020,2020-W52,2020-12-27,Stanford,42
2020,2020-W52,2020-12-27,Missouri,43
2020,2020-W52,2020-12-27,Virginia,44
2020,2020-W52,2020-12-27,Colorado,45
2020,2020-W52,2020-12-27,Appalachian St,46
2020,2020-W52,2020-12-27,Washington,47
2020,2020-W52,2020-12-27,Kentucky,48
2020,2020-W52,2020-12-27,Army,49
2020,2020-W52,2020-12-27,Mississippi,50
2020,2020-W52,2020-12-27,Arkansas,51
2020,2020-W52,2020-12-27,SMU,52
2020,2020-W52,2020-12-27,Tennessee,53
2020,2020-W52,2020-12-27,Kent St,54
2020,2020-W52,2020-12-27,Louisville,55
2020,2020-W52,2020-12-27,Marshall,56
2020,2020-W52,2020-12-27,Wake Forest,57
2020,2020-W52,2020-12-27,Hawaii,58
2020,2020-W52,2020-12-27,Miami (OH),59
2020,2020-W52,2020-12-27,Georgia Tech,60
2020,2020-W52,2020-12-27,San Diego St,61
2020,2020-W52,2020-12-27,UCLA,62
2020,2020-W52,2020-12-27,Tulane,63
2020,2020-W52,2020-12-27,Penn St,64
2020,2020-W52,2020-12-27,Western Michigan,65
2020,2020-W52,2020-12-27,Arizona St,66
2020,2020-W52,2020-12-27,Houston,67
2020,2020-W52,2020-12-27,Minnesota,69
2020,2020-W52,2020-12-27,UAB,69
2020,2020-W52,2020-12-27,Air Force,71
2020,2020-W52,2020-12-27,Ohio,71
2020,2020-W52,2020-12-27,Washington St,72
2020,2020-W52,2020-12-27,Georgia St,73
2020,2020-W52,2020-12-27,Kansas St,74
2020,2020-W52,2020-12-27,Texas Tech,76
2020,2020-W52,2020-12-27,Toledo,76
2020,2020-W52,2020-12-27,Georgia Southern,77
2020,2020-W52,2020-12-27,Florida St,79
2020,2020-W52,2020-12-27,Mississippi St,79
2020,2020-W52,2020-12-27,Michigan St,80
2020,2020-W52,2020-12-27,Maryland,81
2020,2020-W52,2020-12-27,Michigan,82
2020,2020-W52,2020-12-27,Nebraska,83
2020,2020-W52,2020-12-27,Navy,84
2020,2020-W52,2020-12-27,California,85
2020,2020-W52,2020-12-27,Central Michigan,86
2020,2020-W52,2020-12-27,Purdue,87
2020,2020-W52,2020-12-27,Oregon St,88
2020,2020-W52,2020-12-27,East Carolina,89
2020,2020-W52,2020-12-27,South Carolina,91
2020,2020-W52,2020-12-27,Colorado St,91
2020,2020-W52,2020-12-27,Illinois,92
2020,2020-W52,2020-12-27,Fresno St,93
2020,2020-W52,2020-12-27,FAU,94
2020,2020-W52,2020-12-27,Louisiana Tech,95
2020,2020-W52,2020-12-27,Duke,96
2020,2020-W52,2020-12-27,UTSA,97
2020,2020-W52,2020-12-27,Wyoming,98
2020,2020-W52,2020-12-27,UMass,99
2020,2020-W52,2020-12-27,Rutgers,100
2020,2020-W52,2020-12-27,Eastern Michigan,101
2020,2020-W52,2020-12-27,Rice,102
2020,2020-W52,2020-12-27,Baylor,103
2020,2020-W52,2020-12-27,Arizona,104
2020,2020-W52,2020-12-27,Syracuse,106
2020,2020-W52,2020-12-27,New Mexico,106
2020,2020-W52,2020-12-27,Charlotte,107
2020,2020-W52,2020-12-27,Utah St,108
2020,2020-W52,2020-12-27,Troy,109
2020,2020-W52,2020-12-27,WKU,110
2020,2020-W52,2020-12-27,Temple,111
2020,2020-W52,2020-12-27,Akron,112
2020,2020-W52,2020-12-27,USF,113
2020,2020-W52,2020-12-27,Kansas,114
2020,2020-W52,2020-12-27,Arkansas St,115
2020,2020-W52,2020-12-27,Bowling Green,116
2020,2020-W52,2020-12-27,UNLV,117
2020,2020-W52,2020-12-27,Northern Illinois,118
2020,2020-W52,2020-12-27,South Alabama,120
2020,2020-W52,2020-12-27,UTEP,120
2020,2020-W52,2020-12-27,Middle Tenn,121
2020,2020-W52,2020-12-27,Vanderbilt,122
2020,2020-W52,2020-12-27,North Texas,123
2020,2020-W52,2020-12-27,FIU,124
2020,2020-W52,2020-12-27,Texas St,125
2020,2020-W52,2020-12-27,Southern Miss,126
2020,2020-W52,2020-12-27,ULM,127
2020,2020-W53,2021-01-03,Alabama,1
2020,2020-W53,2021-01-03,Clemson,2
2020,2020-W53,2021-01-03,Texas A&M,3
2020,2020-W53,2021-01-03,Notre Dame,4
2020,2020-W53,2021-01-03,Georgia,5
2020,2020-W53,2021-01-03,Cincinnati,6
2020,2020-W53,2021-01-03,Ohio St,7
2020,2020-W53,2021-01-03,Florida,8
2020,2020-W53,2021-01-03,Oklahoma,9
2020,2020-W53,2021-01-03,BYU,10
2020,2020-W53,2021-01-03,"Miami, Fl",11
2020,2020-W53,2021-01-03,Coastal Carolina,12
2020,2020-W53,2021-01-03,Iowa St,13
2020,2020-W53,2021-01-03,North Carolina,14
2020,2020-W53,2021-01-03,Oklahoma St,15
2020,2020-W53,2021-01-03,Northwestern,16
2020,2020-W53,2021-01-03,Indiana,17
2020,2020-W53,2021-01-03,NC State,18
2020,2020-W53,2021-01-03,San Jose St,19
2020,2020-W53,2021-01-03,Auburn,20
2020,2020-W53,2021-01-03,Louisiana,21
2020,2020-W53,2021-01-03,Ball St,22
2020,2020-W53,2021-01-03,Texas,23
2020,2020-W53,2021-01-03,USC,24
2020,2020-W53,2021-01-03,LSU,25
2020,2020-W53,2021-01-03,Liberty,26
2020,2020-W53,2021-01-03,Iowa,27
2020,2020-W53,2021-01-03,Buffalo,28
2020,2020-W53,2021-01-03,Tulsa,29
2020,2020-W53,2021-01-03,Memphis,30
2020,2020-W53,2021-01-03,Wisconsin,31
2020,2020-W53,2021-01-03,West Virginia,32
2020,2020-W53,2021-01-03,Pittsburgh,33
2020,2020-W53,2021-01-03,Virginia Tech,34
2020,2020-W53,2021-01-03,Boston College,35
2020,2020-W53,2021-01-03,Kentucky,36
2020,2020-W53,2021-01-03,Mississippi,37
2020,2020-W53,2021-01-03,TCU,38
2020,2020-W53,2021-01-03,Boise St,39
2020,2020-W53,2021-01-03,UCF,40
2020,2020-W53,2021-01-03,Utah,41
2020,2020-W53,2021-01-03,Nevada,42
2020,2020-W53,2021-01-03,Oregon,43
2020,2020-W53,2021-01-03,Stanford,44
2020,2020-W53,2021-01-03,Missouri,45
2020,2020-W53,2021-01-03,Virginia,46
2020,2020-W53,2021-01-03,Appalachian St,47
2020,2020-W53,2021-01-03,Washington,48
2020,2020-W53,2021-01-03,Colorado,49
2020,2020-W53,2021-01-03,Arkansas,50
2020,2020-W53,2021-01-03,SMU,51
2020,2020-W53,2021-01-03,Army,52
2020,2020-W53,2021-01-03,Tennessee,53
2020,2020-W53,2021-01-03,Mississippi St,54
2020,2020-W53,2021-01-03,Kent St,55
2020,2020-W53,2021-01-03,Louisville,56
2020,2020-W53,2021-01-03,Marshall,57
2020,2020-W53,2021-01-03,Hawaii,58
2020,2020-W53,2021-01-03,Miami (OH),59
2020,2020-W53,2021-01-03,Georgia Tech,60
2020,2020-W53,2021-01-03,San Diego St,61
2020,2020-W53,2021-01-03,UCLA,62
2020,2020-W53,2021-01-03,Tulane,63
2020,2020-W53,2021-01-03,Penn St,64
2020,2020-W53,2021-01-03,Western Michigan,65
2020,2020-W53,2021-01-03,Arizona St,66
2020,2020-W53,2021-01-03,Houston,67
2020,2020-W53,2021-01-03,Minnesota,69
2020,2020-W53,2021-01-03,UAB,69
2020,2020-W53,2021-01-03,Air Force,71
2020,2020-W53,2021-01-03,Ohio,71
2020,2020-W53,2021-01-03,Washington St,73
2020,2020-W53,2021-01-03,Wake Forest,73
2020,2020-W53,2021-01-03,Georgia St,74
2020,2020-W53,2021-01-03,Kansas St,75
2020,2020-W53,2021-01-03,Texas Tech,77
2020,2020-W53,2021-01-03,Toledo,77
2020,2020-W53,2021-01-03,Georgia Southern,78
2020,2020-W53,2021-01-03,Florida St,79
2020,2020-W53,2021-01-03,Michigan St,80
2020,2020-W53,2021-01-03,Maryland,81
2020,2020-W53,2021-01-03,Michigan,82
2020,2020-W53,2021-01-03,Nebraska,83
2020,2020-W53,2021-01-03,Navy,84
2020,2020-W53,2021-01-03,California,85
2020,2020-W53,2021-01-03,Central Michigan,86
2020,2020-W53,2021-01-03,Purdue,87
2020,2020-W53,2021-01-03,Oregon St,88
2020,2020-W53,2021-01-03,East Carolina,89
2020,2020-W53,2021-01-03,South Carolina,91
2020,2020-W53,2021-01-03,Colorado St,91
2020,2020-W53,2021-01-03,Illinois,92
2020,2020-W53,2021-01-03,Fresno St,93
2020,2020-W53,2021-01-03,FAU,94
2020,2020-W53,2021-01-03,Louisiana Tech,95
2020,2020-W53,2021-01-03,Duke,96
2020,2020-W53,2021-01-03,UTSA,97
2020,2020-W53,2021-01-03,Wyoming,98
2020,2020-W53,2021-01-03,UMass,99
2020,2020-W53,2021-01-03,Rutgers,100
2020,2020-W53,2021-01-03,Eastern Michigan,101
2020,2020-W53,2021-01-03,Rice,102
2020,2020-W53,2021-01-03,Baylor,103
2020,2020-W53,2021-01-03,Arizona,104
2020,2020-W53,2021-01-03,Syracuse,106
2020,2020-W53,2021-01-03,New Mexico,106
2020,2020-W53,2021-01-03,Charlotte,107
2020,2020-W53,2021-01-03,Utah St,108
2020,2020-W53,2021-01-03,Troy,109
2020,2020-W53,2021-01-03,WKU,110
2020,2020-W53,2021-01-03,Temple,111
2020,2020-W53,2021-01-03,Akron,112
2020,2020-W53,2021-01-03,USF,113
2020,2020-W53,2021-01-03,Kansas,114
2020,2020-W53,2021-01-03,Arkansas St,115
2020,2020-W53,2021-01-03,Bowling Green,116
2020,2020-W53,2021-01-03,UNLV,117
2020,2020-W53,2021-01-03,Northern Illinois,118
2020,2020-W53,2021-01-03,South Alabama,120
2020,2020-W53,2021-01-03,UTEP,120
2020,2020-W53,2021-01-03,Middle Tenn,121
2020,2020-W53,2021-01-03,Vanderbilt,122
2020,2020-W53,2021-01-03,North Texas,123
2020,2020-W53,2021-01-03,FIU,124
2020,2020-W53,2021-01-03,Texas St,125
2020,2020-W53,2021-01-03,Southern Miss,126
2020,2020-W53,2021-01-03,ULM,127
2020,2021-W02,2021-01-12,Alabama,1
2020,2021-W02,2021-01-12,Clemson,2
2020,2021-W02,2021-01-12,Texas A&M,3
2020,2021-W02,2021-01-12,Notre Dame,4
2020,2021-W02,2021-01-12,Georgia,5
2020,2021-W02,2021-01-12,Cincinnati,6
2020,2021-W02,2021-01-12,Ohio St,7
2020,2021-W02,2021-01-12,Florida,8
2020,2021-W02,2021-01-12,Oklahoma,9
2020,2021-W02,2021-01-12,BYU,10
2020,2021-W02,2021-01-12,"Miami, Fl",11
2020,2021-W02,2021-01-12,Coastal Carolina,12
2020,2021-W02,2021-01-12,Iowa St,13
2020,2021-W02,2021-01-12,North Carolina,14
2020,2021-W02,2021-01-12,Oklahoma St,15
2020,2021-W02,2021-01-12,Northwestern,16
2020,2021-W02,2021-01-12,Indiana,17
2020,2021-W02,2021-01-12,NC State,18
2020,2021-W02,2021-01-12,San Jose St,19
2020,2021-W02,2021-01-12,Auburn,20
2020,2021-W02,2021-01-12,Louisiana,21
2020,2021-W02,2021-01-12,Ball St,22
2020,2021-W02,2021-01-12,Texas,23
2020,2021-W02,2021-01-12,USC,24
2020,2021-W02,2021-01-12,LSU,25
2020,2021-W02,2021-01-12,Liberty,26
2020,2021-W02,2021-01-12,Iowa,27
2020,2021-W02,2021-01-12,Buffalo,28
2020,2021-W02,2021-01-12,Tulsa,29
2020,2021-W02,2021-01-12,Memphis,30
2020,2021-W02,2021-01-12,Wisconsin,31
2020,2021-W02,2021-01-12,West Virginia,32
2020,2021-W02,2021-01-12,Pittsburgh,33
2020,2021-W02,2021-01-12,Virginia Tech,34
2020,2021-W02,2021-01-12,Boston College,35
2020,2021-W02,2021-01-12,Kentucky,36
2020,2021-W02,2021-01-12,Mississippi,37
2020,2021-W02,2021-01-12,TCU,38
2020,2021-W02,2021-01-12,Boise St,39
2020,2021-W02,2021-01-12,UCF,40
2020,2021-W02,2021-01-12,Utah,41
2020,2021-W02,2021-01-12,Nevada,42
2020,2021-W02,2021-01-12,Oregon,43
2020,2021-W02,2021-01-12,Stanford,44
2020,2021-W02,2021-01-12,Missouri,45
2020,2021-W02,2021-01-12,Virginia,46
2020,2021-W02,2021-01-12,Appalachian St,47
2020,2021-W02,2021-01-12,Washington,48
2020,2021-W02,2021-01-12,Colorado,49
2020,2021-W02,2021-01-12,Arkansas,50
2020,2021-W02,2021-01-12,SMU,51
2020,2021-W02,2021-01-12,Army,52
2020,2021-W02,2021-01-12,Tennessee,53
2020,2021-W02,2021-01-12,Mississippi St,54
2020,2021-W02,2021-01-12,Kent St,55
2020,2021-W02,2021-01-12,Louisville,56
2020,2021-W02,2021-01-12,Marshall,57
2020,2021-W02,2021-01-12,Hawaii,58
2020,2021-W02,2021-01-12,Miami (OH),59
2020,2021-W02,2021-01-12,Georgia Tech,60
2020,2021-W02,2021-01-12,San Diego St,61
2020,2021-W02,2021-01-12,UCLA,62
2020,2021-W02,2021-01-12,Tulane,63
2020,2021-W02,2021-01-12,Penn St,64
2020,2021-W02,2021-01-12,Western Michigan,65
2020,2021-W02,2021-01-12,Arizona St,66
2020,2021-W02,2021-01-12,Houston,67
2020,2021-W02,2021-01-12,Minnesota,69
2020,2021-W02,2021-01-12,UAB,69
2020,2021-W02,2021-01-12,Air Force,71
2020,2021-W02,2021-01-12,Ohio,71
2020,2021-W02,2021-01-12,Washington St,73
2020,2021-W02,2021-01-12,Wake Forest,73
2020,2021-W02,2021-01-12,Georgia St,74
2020,2021-W02,2021-01-12,Kansas St,75
2020,2021-W02,2021-01-12,Texas Tech,77
2020,2021-W02,2021-01-12,Toledo,77
2020,2021-W02,2021-01-12,Georgia Southern,78
2020,2021-W02,2021-01-12,Florida St,79
2020,2021-W02,2021-01-12,Michigan St,80
2020,2021-W02,2021-01-12,Maryland,81
2020,2021-W02,2021-01-12,Michigan,82
2020,2021-W02,2021-01-12,Nebraska,83
2020,2021-W02,2021-01-12,Navy,84
2020,2021-W02,2021-01-12,California,85
2020,2021-W02,2021-01-12,Central Michigan,86
2020,2021-W02,2021-01-12,Purdue,87
2020,2021-W02,2021-01-12,Oregon St,88
2020,2021-W02,2021-01-12,East Carolina,89
2020,2021-W02,2021-01-12,South Carolina,91
2020,2021-W02,2021-01-12,Colorado St,91
2020,2021-W02,2021-01-12,Illinois,92
2020,2021-W02,2021-01-12,Fresno St,93
2020,2021-W02,2021-01-12,FAU,94
2020,2021-W02,2021-01-12,Louisiana Tech,95
2020,2021-W02,2021-01-12,Duke,96
2020,2021-W02,2021-01-12,UTSA,97
2020,2021-W02,2021-01-12,Wyoming,98
2020,2021-W02,2021-01-12,UMass,99
2020,2021-W02,2021-01-12,Rutgers,100
2020,2021-W02,2021-01-12,Eastern Michigan,101
2020,2021-W02,2021-01-12,Rice,102
2020,2021-W02,2021-01-12,Baylor,103
2020,2021-W02,2021-01-12,Arizona,104
2020,2021-W02,2021-01-12,Syracuse,106
2020,2021-W02,2021-01-12,New Mexico,106
2020,2021-W02,2021-01-12,Charlotte,107
2020,2021-W02,2021-01-12,Utah St,108
2020,2021-W02,2021-01-12,Troy,109
2020,2021-W02,2021-01-12,WKU,110
2020,2021-W02,2021-01-12,Temple,111
2020,2021-W02,2021-01-12,Akron,112
2020,2021-W02,2021-01-12,USF,113
2020,2021-W02,2021-01-12,Kansas,114
2020,2021-W02,2021-01-12,Arkansas St,115
2020,2021-W02,2021-01-12,Bowling Green,116
2020,2021-W02,2021-01-12,UNLV,117
2020,2021-W02,2021-01-12,Northern Illinois,118
2020,2021-W02,2021-01-12,South Alabama,120
2020,2021-W02,2021-01-12,UTEP,120
2020,2021-W02,2021-01-12,Middle Tenn,121
2020,2021-W02,2021-01-12,Vanderbilt,122
2020,2021-W02,2021-01-12,North Texas,123
2020,2021-W02,2021-01-12,FIU,124
2020,2021-W02,2021-01-12,Texas St,125
2020,2021-W02,2021-01-12,Southern Miss,126
2020,2021-W02,2021-01-12,ULM,127
